row	Sequence	y	neg_source	split	seq_id
0	QQLLFIHFRIGCQHS	1		train	stage1_train_row0
1	VGPGAINAGTYLVSRELFER	0	APD6_pool	train	stage1_train_row1
2	HVMLALATVLSIAGAGTGATAI	1		train	stage1_train_row10
3	EEQRFLPVVAGLAAKVLPSIICAVTKKC	0	APD6_pool	train	stage1_train_row100
4	NLVSGLIEARKYLEQLHRKLKNRKV	1		train	stage1_train_row1000
5	LVTLEHQVLVIGLKVEAMEK	1		train	stage1_train_row1001
6	SSMKLSFRARAYGFRGPGPQL	0	APD6_pool	train	stage1_train_row1002
7	EEYTKKIEEYTKKIEEYTKKIEEYTKKIWASLWNWF	1		train	stage1_train_row1003
8	ITGGPAVVHQA	0	APD6_pool	train	stage1_train_row1004
9	WNSAKIDNLDV	1		train	stage1_train_row1005
10	YVSGKARGWFYRHHYESPHPRISSEVHIPLGDARLV	1		train	stage1_train_row1006
11	DVKQLTEAVQKITTESI	1		train	stage1_train_row1007
12	QSHLSLCRYCCNCCRNKGCGYCCKF	0	APD6_pool	train	stage1_train_row1008
13	GRFKRFRKPFKKLFKKIS	1		train	stage1_train_row1009
14	FKVQNQHGQVVKIFHH	0	APD6_pool	train	stage1_train_row101
15	ACDFQQCWVTCQRQYSINFISARCNGDSCVCTFRT	0	APD6_pool	train	stage1_train_row1010
16	AEGIGALFLGFLGAAGSTMGARSMTLTVQARQL	1		train	stage1_train_row1011
17	HFLGTLVNLAKKIL	0	APD6_pool	train	stage1_train_row1012
18	IVIYQYMDDLYVGSD	1		train	stage1_train_row1013
19	LSSGRPDGFIHVQGHLQEVD	1		train	stage1_train_row1014
20	RLASWSVKQANLTTSLLGDLLDDVT	1		train	stage1_train_row1015
21	FFSALLSGIKSLF	0	APD6_pool	train	stage1_train_row1016
22	QAGLAVRPGKSAAQLVGE	1		train	stage1_train_row1017
23	CNSTKNLTFAMRSSGDYGEV	1		train	stage1_train_row1018
24	GLLSGVLGVGKKVDCGLSGLC	0	APD6_pool	train	stage1_train_row1019
25	EINCTRPNNNTRKSIHIGPGRAFYTTGEIIGDIRQAHCNIS	1		train	stage1_train_row102
26	LNPLIKAGIFILKHRRPIGRGIEITGRGIKKFFSK	0	APD6_pool	train	stage1_train_row1020
27	GNNRPVYIPQPRPPHPRI	1		train	stage1_train_row1021
28	DWLKAFYDKVAEKLKEAF	1		train	stage1_train_row1022
29	GRPNPVNNKPTPHPRL	0	APD6_pool	train	stage1_train_row1023
30	ASVVNKLTGGVAGLLK	0	APD6_pool	train	stage1_train_row1024
31	GKNGVFKTISHECHMNSWQFLFTCCS	0	APD6_pool	train	stage1_train_row1025
32	GLMSVLGHAVGNVLGGLFKS	0	APD6_pool	train	stage1_train_row1026
33	GFGSLLGKALKIGTNLL	0	APD6_pool	train	stage1_train_row1027
34	QYMDDLYVGSDLEIG	1		train	stage1_train_row1028
35	ETGSVRFPFHRCGTGPRLTK	1		train	stage1_train_row1029
36	ANPDCKTILKALGPAATLEEMMTAC	1		train	stage1_train_row103
37	WQCLTLTHRGFVLLTITVLR	1		train	stage1_train_row1030
38	APKEWMAWAREIAAYAKLIAALI	1		train	stage1_train_row1031
39	VFASLPGIIFTRSQKEGL	1		train	stage1_train_row1032
40	GIGSALAKAAKLVAGIV	0	APD6_pool	train	stage1_train_row1033
41	FLPLVTGLLSGLL	0	APD6_pool	train	stage1_train_row1034
42	FLPFLKSILGKIL	0	APD6_pool	train	stage1_train_row1035
43	AGHNKVGSLQYLALA	1		train	stage1_train_row1036
44	KGACELLGWEWAWLCAA	1		train	stage1_train_row1037
45	ACWAAGIKQEF	1		train	stage1_train_row1038
46	YQEPVLGPVRGPFPIIV	0	APD6_pool	train	stage1_train_row1039
47	GILGNIVGMGKQVVCGLSGLC	0	APD6_pool	train	stage1_train_row104
48	YNTPVFAIKKKDSTKWRKLV	1		train	stage1_train_row1040
49	RILTMTKRVKMPQLYKQIVCRLFKTC	0	APD6_pool	train	stage1_train_row1041
50	NLLGSLLKTGLKVGSNLL	0	APD6_pool	train	stage1_train_row1042
51	FITGLIGGLMKAL	0	APD6_pool	train	stage1_train_row1043
52	FDSQQGWFEGWFNRS	1		train	stage1_train_row1044
53	FLNALKNFAKTAGKRLKSLLN	0	APD6_pool	train	stage1_train_row1045
54	KVCYRAIPCGESCVWIPCISAAIGCSCKN	1		train	stage1_train_row1046
55	ILPLLLGKVVCAITKKC	0	APD6_pool	train	stage1_train_row1047
56	FIGKLISAASGLLSHL	0	APD6_pool	train	stage1_train_row1048
57	SLGGVISGAKKVAKVAIPIGKAVLPVVAKLVG	0	APD6_pool	train	stage1_train_row1049
58	CRANGSRIPTGERVWDRGNV	1		train	stage1_train_row105
59	CFLNITNSHVSILQERPPLENRV	1		train	stage1_train_row1050
60	GGTIFDCGETCFLGTCYTPGCSCGNYGFCYGTN	1		train	stage1_train_row1051
61	DGFIHVQGHLQEVDAGNF	1		train	stage1_train_row1052
62	CSTNTFSLSDYWGNKGNWCTATHECMSWCK	0	APD6_pool	train	stage1_train_row1053
63	CCFLNITNSHVSILQERPPLENRVLTGWGL	1		train	stage1_train_row1054
64	SCTTCVCTCSCCTT	0	APD6_pool	train	stage1_train_row1055
65	VTRASGASTPPGTASPFKTL	0	APD6_pool	train	stage1_train_row1056
66	ISSEVHIPLGDARLV	1		train	stage1_train_row1057
67	LEEWYKKTEELQKKFEEIIKKIEENNKKVEEGLKK	1		train	stage1_train_row1058
68	AALKGCWTKSIPPKPCSGKR	0	APD6_pool	train	stage1_train_row1059
69	FFHHIFRGIVHVGKTIHRLVTGT	0	APD6_pool	train	stage1_train_row106
70	EWERKVDFLEENITALLEEAQIQQEKNMYELQKLN	1		train	stage1_train_row1060
71	EGPTLGNWAREIWATLFKKA	1		train	stage1_train_row1061
72	GLGSLLGKAFKFGLKTVGKMMAGAPREQ	0	APD6_pool	train	stage1_train_row1062
73	GLLDFFKGAGKELLTHLASQI	0	APD6_pool	train	stage1_train_row1063
74	VDGIPVAWDADARAPA	1		train	stage1_train_row1064
75	GIIDIAKKLFESW	1		train	stage1_train_row1065
76	WNALKIDNLDV	1		train	stage1_train_row1066
77	GLVRDNMAKLRERLK	1		train	stage1_train_row1067
78	KQIMTQFFNFARSPAVKD	0	APD6_pool	train	stage1_train_row1068
79	KDLHTVVSAILQAL	0	APD6_pool	train	stage1_train_row1069
80	VDFLEENITALLEEAQIQQEKNMYELQKLNSWDVF	1		train	stage1_train_row107
81	FLPGLIAGIAKML	0	APD6_pool	train	stage1_train_row1070
82	MYNCSLQNGFTMKVDDLIVH	1		train	stage1_train_row1071
83	GTKALTAVIPLTEEAEC	1		train	stage1_train_row1072
84	GNPLKLFLPSTWVHFFKFLR	0	APD6_pool	train	stage1_train_row1073
85	TTWEAWDRAIAEYAARIEALIRAAQELQEKLEAALREL	1		train	stage1_train_row1074
86	ATHQETIEKVTEALKINNLRLVTLEHQVLVIGLKVE	1		train	stage1_train_row1075
87	GICRCVCTRGFCRCICLL	0	APD6_pool	train	stage1_train_row1076
88	RIVELTLPRVSVRL	0	APD6_pool	train	stage1_train_row1077
89	KKIKPPLPSVTKLTE	1		train	stage1_train_row1078
90	WMEWDREIEELAKKAEELAKKAEELAKKAEELAKKA	1		train	stage1_train_row1079
91	VTVLDVGDAYFSVPLDEDFR	1		train	stage1_train_row108
92	EQIWNNMTWMEWDREINNYTSLIHSLIEESQNQQEK	1		train	stage1_train_row1080
93	AIPWSIWWRLLFKG	0	APD6_pool	train	stage1_train_row1081
94	FLPIIAKLLGGLL	0	APD6_pool	train	stage1_train_row1082
95	GLFSVVTGVLKAVGKNVAKNVGGSLLEQLKCKKISGGC	0	APD6_pool	train	stage1_train_row1083
96	FLPLLFGAISHLL	0	APD6_pool	train	stage1_train_row1084
97	VEWNEMTWMEWEREIENYTKLIYKILEESQEQ	1		train	stage1_train_row1085
98	LNITNSHVSILQERPPLENRVL	1		train	stage1_train_row1086
99	VKSTGRADDDLAVKTKYLPP	1		train	stage1_train_row1087
100	RIGCQHSRIGITQQR	1		train	stage1_train_row1088
101	FRFKIKFRLKFRFKARFKFRAKFRA	1		train	stage1_train_row1089
102	TWAGVEAIIRILQQL	1		train	stage1_train_row109
103	YSLKKTSMKIIPFTRL	0	APD6_pool	train	stage1_train_row1090
104	GLFDIVKKVVGAFGSL	0	APD6_pool	train	stage1_train_row1091
105	CRFPNITNSHVPILQERPPLENRVLTGWGL	1		train	stage1_train_row1092
106	FFGSVLKLIPKIL	0	APD6_pool	train	stage1_train_row1093
107	GTKALTEVIPLTC	1		train	stage1_train_row1094
108	TTWEAWDRAIAEYAARIEALIRAAQEQQEKLEAALREL	1		train	stage1_train_row1095
109	ENDHRMPNNLNRPNNLSKGGAKCGAAIAGGLFGIPKGPLAWAAGLANVYSKCN	0	APD6_pool	train	stage1_train_row1096
110	RICRIIFLRVCR	0	APD6_pool	train	stage1_train_row1097
111	GLFDIVKKVVGAIGSL	0	APD6_pool	train	stage1_train_row1098
112	SLHWPVSHPPPP	1		train	stage1_train_row1099
113	GLLSKVLGVGKKVLCGVSGLC	0	APD6_pool	train	stage1_train_row11
114	PPLVVPVEESEIIFWDCWAPEE	1		train	stage1_train_row110
115	SFGLCRLRRGFCARGRCRFPSIPIGRCSRFVQCCRRVW	0	APD6_pool	train	stage1_train_row1100
116	TGEKVWDRGNVTLLCDCP	1		train	stage1_train_row1101
117	GLFDIIKKIAESW	1		train	stage1_train_row1102
118	ITPATPFTPAIITEITAAVIA	0	APD6_pool	train	stage1_train_row1103
119	GIVDFAKKVVGGIRNALGI	0	APD6_pool	train	stage1_train_row1104
120	GIGGKILGGLKTALKGAAKELASTYLH	0	APD6_pool	train	stage1_train_row1105
121	GERVWDRGNVTLLCDCPNGP	1		train	stage1_train_row1106
122	VVVNLLVKVLKYAK	0	APD6_pool	train	stage1_train_row1107
123	INLKGLIKKVASLLT	0	APD6_pool	train	stage1_train_row1108
124	FIITGLVRGLTKLF	0	APD6_pool	train	stage1_train_row1109
125	GLGSLLGKAFKIGLKTVGKMMGGAPREQ	0	APD6_pool	train	stage1_train_row111
126	IIGHLIKTALGMLGL	0	APD6_pool	train	stage1_train_row1110
127	GFGCPFNENECHAHCLSIGRKFGFCAGPLRATCTCGKQ	0	APD6_pool	train	stage1_train_row1111
128	SAISCGETCFKFKCYTPRCSCSYPVCK	0	APD6_pool	train	stage1_train_row1112
129	WVPAFCQAVGWGDPITHWSH	1		train	stage1_train_row1113
130	FLAGLIGGLAKML	0	APD6_pool	train	stage1_train_row1114
131	EWRKKRYSTQV	1		train	stage1_train_row1115
132	FIGLLISAGKAIHDLIRRRH	0	APD6_pool	train	stage1_train_row1116
133	NEELGKKYEETKKKQEEFYKKIEEIEKKNEEVKKKLEELQKK	1		train	stage1_train_row1117
134	LEAIPCSIPPCVGFGKPFVF	1		train	stage1_train_row1118
135	ACWWAGAKQEF	1		train	stage1_train_row1119
136	SISCGESCAMISFCFTEVIGCSCKNKVCYLN	1		train	stage1_train_row112
137	FIPLVSGLFSRLL	0	APD6_pool	train	stage1_train_row1120
138	FAVNPGLLEAAAGCRQIL	1		train	stage1_train_row1121
139	SGTSEKERESGRLLGVVKRLIVCFRSPFP	0	APD6_pool	train	stage1_train_row1122
140	PTGERVWDRGNVTLLCDCPN	1		train	stage1_train_row1123
141	LLGMIPVAITAISALSKL	0	APD6_pool	train	stage1_train_row1124
142	YGGIKKEIEAIKKEQEAIKKKIEAIEKEIEA	1		train	stage1_train_row1125
143	KDSTKWRKLVDFRELNKRTQ	1		train	stage1_train_row1126
144	GTKALTEVIPLTEEAEC	1		train	stage1_train_row1127
145	GFVALLKKLPLILKHLH	0	APD6_pool	train	stage1_train_row1128
146	FLPIIAGMAAKVICAITKKC	0	APD6_pool	train	stage1_train_row1129
147	FPFLLSLIPSAISALKKL	0	APD6_pool	train	stage1_train_row113
148	GNQGRGNPVRSPLGFGSYTM	1		train	stage1_train_row1130
149	GAETFYVDGAANRETKLGKA	1		train	stage1_train_row1131
150	TEEAELELAENREILKEPVH	1		train	stage1_train_row1132
151	GLMDTVKNVAKNLAGHMLDKLKCKITGC	1		train	stage1_train_row1133
152	WSCPTLSGVCRKVCLPTEMFFGPLGCGKEFQCCVSHFF	0	APD6_pool	train	stage1_train_row1134
153	MTWMAWDRAIANYAALIHALIEAAQNQQEKNEAALLEL	1		train	stage1_train_row1135
154	PFDYGLKWQSCSCRANGSRI	1		train	stage1_train_row1136
155	FLFSLIPHAIGGLISAFK	0	APD6_pool	train	stage1_train_row1137
156	GIGASILSAGKSALKGLAKGLAEHFAN	0	APD6_pool	train	stage1_train_row1138
157	SQGVVESMNKELKKIIGQVRDQAEHLKTA	1		train	stage1_train_row1139
158	TTWEAWDRAIAEYAARIEALIRALQELQEKLEAILREL	1		train	stage1_train_row114
159	KGLSGPGGWWGFV	1		train	stage1_train_row1140
160	GLLSFLPKVIGVIGHLIHPPS	0	APD6_pool	train	stage1_train_row1141
161	ALGPAATLEEMMTACQGV	1		train	stage1_train_row1142
162	TTWEAWDRAIAEYAARIEALIRALQELQEKNEAILREL	1		train	stage1_train_row1143
163	KGLSGPTAWWVVV	1		train	stage1_train_row115
164	WNDTGKDADGSEY	0	APD6_pool	train	stage1_train_row116
165	VDKPDYRPRPWPRPN	0	APD6_pool	train	stage1_train_row117
166	GLNTLKKVFQGLHEAIKLINNHVQ	1		train	stage1_train_row118
167	TAYFLLKLAGRA	1		train	stage1_train_row119
168	IIGHLIKTALGFLGL	0	APD6_pool	train	stage1_train_row12
169	EAVRHFPRIWLHSLG	1		train	stage1_train_row120
170	WASRELERFAVNPGLLETSEGCRQIL	1		train	stage1_train_row121
171	LTEEKIKALVEICTEMEKEG	1		train	stage1_train_row122
172	GFGSKPLDSFGLNFF	0	APD6_pool	train	stage1_train_row123
173	AIFIFIRWLLKLGHHGRAPP	0	APD6_pool	train	stage1_train_row124
174	LPFFLLSLIPSAISAIKKI	0	APD6_pool	train	stage1_train_row125
175	GIFSKFAGKGLKNLFMKGAKTIGKEVGMDVLRTGIDIAGCKIKGEC	0	APD6_pool	train	stage1_train_row126
176	GRFKRIRKKLKKLFKKIS	1		train	stage1_train_row127
177	GTKAATEVIPLTEEAEC	1		train	stage1_train_row128
178	FIGAILPAIAGLVHGLINR	0	APD6_pool	train	stage1_train_row129
179	IGNIPQYLKGLLGGILGIGL	1		train	stage1_train_row13
180	VWGIKQLQARILAVERYLKDQQLLGIWG	1		train	stage1_train_row130
181	AWVPAHKGIGGNEQ	1		train	stage1_train_row131
182	VRDNMAKLRERLKQRQQLFDSQQGWFEGWFNRSPWFT	1		train	stage1_train_row132
183	ILPIRSLIKKLL	0	APD6_pool	train	stage1_train_row133
184	QRQIRSISGWILSTYLGRPAEPVPLQ	1		train	stage1_train_row134
185	YQLLIRAIYKNI	1		train	stage1_train_row135
186	KFFRKLKKSVKKRAKEFFKKPRVIGVSIPF	0	APD6_pool	train	stage1_train_row136
187	IRKAHCNISRADWND	1		train	stage1_train_row137
188	QLIHLYYFDCFSESA	1		train	stage1_train_row138
189	FMGTALKIAANVLPAAFCKIFKKC	0	APD6_pool	train	stage1_train_row139
190	TTWEAWDRAIAEYAARIEALIRAAQEQQEKLEAVLREL	1		train	stage1_train_row14
191	YEPLVRRRSELMGRRNPV	1		train	stage1_train_row140
192	FLPIITNLLGKLL	0	APD6_pool	train	stage1_train_row141
193	GFWGKLFKLGLHGIGLLHLHL	0	APD6_pool	train	stage1_train_row142
194	NQIIEQLIKKEKVY	1		train	stage1_train_row143
195	VNFLLHKIYGNIRYS	0	APD6_pool	train	stage1_train_row144
196	GFIFHIIKGLFHAGKMIHGLV	0	APD6_pool	train	stage1_train_row145
197	GTKALTEVIPLAEEAEC	1		train	stage1_train_row146
198	NKGCATCSIGAACLVDGPIPDFEIAGATGLFGLWG	0	APD6_pool	train	stage1_train_row147
199	SNQGGSPLPRSV	1		train	stage1_train_row148
200	GTKGLTEVIPLTEEAEC	1		train	stage1_train_row149
201	YADHTGLVRDNMAKLRERLKQRQQLFDSQQGWFEGWFNRSPWFTT	1		train	stage1_train_row15
202	SSMTKILEPFRKQNP	1		train	stage1_train_row150
203	GWWKRVFKPVEKLGQRVRDAGIQGLEIAQQGANVLATVRGGPPQQ	0	APD6_pool	train	stage1_train_row151
204	FKFLARTGKFL	0	APD6_pool	train	stage1_train_row152
205	SIFPAIVSFLSKFL	0	APD6_pool	train	stage1_train_row153
206	ILGPVISTIGGVLGGLLKNL	0	APD6_pool	train	stage1_train_row154
207	GIGGVLLGAGKATLKGLAKVLAEKYAN	0	APD6_pool	train	stage1_train_row155
208	FLGFVGQALNALLGKL	0	APD6_pool	train	stage1_train_row156
209	PDIVIYQYMDDLYVGSDLEI	1		train	stage1_train_row157
210	IHVQGHLQEVDAGNFIPP	1		train	stage1_train_row158
211	GVLGTVKDLLIGAGKSAAQSTLKTLSCKISNDC	0	APD6_pool	train	stage1_train_row159
212	FLSLIPHAINAVSAIAKHF	0	APD6_pool	train	stage1_train_row16
213	RFPFHRCGAGPKLTKDLE	1		train	stage1_train_row160
214	GICRCFCRRGVCRCICLL	0	APD6_pool	train	stage1_train_row161
215	WIHAEIKNSLKIDNLDVNRCIEALD	1		train	stage1_train_row162
216	KFRRQRPRLSHKGPMPF	1		train	stage1_train_row163
217	KVDFLEENITALLEEAQIQQEKNMYELQKLNSWDV	1		train	stage1_train_row164
218	WNSLKADNLDV	1		train	stage1_train_row165
219	SLLSLIRKLIT	0	APD6_pool	train	stage1_train_row166
220	RIQRGPGRAFVTIGK	1		train	stage1_train_row167
221	VESMNKELPKIIGQVRDQAEHLKTAY	1		train	stage1_train_row168
222	NEYHGFVDKANNENKRKKQQGRDDFVVKPNNFANRRRKDDYNENYYDDVDAADVV	1		train	stage1_train_row169
223	PRLSHKGPMPF	1		train	stage1_train_row17
224	ATKALTEVIPLTEEAEC	1		train	stage1_train_row170
225	GHKARVLAEAMSQVTNPATIM	1		train	stage1_train_row171
226	SLFSIFKTAAKFVGKNLLKQAGKAGLETLACKAKNEC	0	APD6_pool	train	stage1_train_row172
227	GTACGESCYVLPCFTVGCTCTSSQCFKN	1		train	stage1_train_row173
228	CTRPNNNTRKSIRIQRGPGRAFVTIGKIGNMRQAHC	1		train	stage1_train_row174
229	FFHHIFRGIVHVGKTIHKLVTGT	0	APD6_pool	train	stage1_train_row175
230	SVSCLRNKGVCMPGKCAPKMKQIGTCGMPQVKCCKRK	0	APD6_pool	train	stage1_train_row176
231	ATFNFINNCPFTVWAAAVPG	1		train	stage1_train_row177
232	LEAIPCSIPPEFLFGKPFVF	1		train	stage1_train_row178
233	GLLGSLFGAGKKVACALSGLC	0	APD6_pool	train	stage1_train_row179
234	QKEGLHYTCSSHFPYSQYQF	1		train	stage1_train_row18
235	LLKELWTKIKGAGKAVLGKIKGLL	1		train	stage1_train_row180
236	QAVGWGDPITHWSHGQNQWP	1		train	stage1_train_row181
237	SEPHLPFPVLPH	1		train	stage1_train_row182
238	ITCQQVTSELGPCVPYLTGQGIP	0	APD6_pool	train	stage1_train_row183
239	RVCYAIPLPICY	0	APD6_pool	train	stage1_train_row184
240	GMWSKILGHLIR	0	APD6_pool	train	stage1_train_row185
241	LLPIVGNLLKSLL	0	APD6_pool	train	stage1_train_row186
242	FAVNPGLLETSEGCRAAA	1		train	stage1_train_row187
243	GFGALFKFLAKKVAKTVAKQAAKQGAKYVVNKQME	0	APD6_pool	train	stage1_train_row188
244	GLWSTIKNVAAAAGKAALGAL	0	APD6_pool	train	stage1_train_row189
245	CRQSCSFGPFTFVCDGNTK	0	APD6_pool	train	stage1_train_row19
246	YQLLIRMIYKNI	1		train	stage1_train_row190
247	KGLSGPQGSWWVV	1		train	stage1_train_row191
248	TTPLCVGVIIGITASIKICK	0	APD6_pool	train	stage1_train_row192
249	FFPIVAGVAGQVLKKIYCTISKKC	0	APD6_pool	train	stage1_train_row193
250	GTKALTEVIPLTEAAEC	1		train	stage1_train_row194
251	ELSEWGVPCVTCILDRRPAS	1		train	stage1_train_row195
252	SPLGFGSYTMTKIRDSLHLV	1		train	stage1_train_row196
253	AVKPKTAKPKTAKPKTA	0	APD6_pool	train	stage1_train_row197
254	FFRHIVGAISRIFGQKQRDMAD	0	APD6_pool	train	stage1_train_row198
255	RSNKGFNFMVDMIQALSK	0	APD6_pool	train	stage1_train_row199
256	CIGNGGRCNENVGPPYCCSGFCLRQPNQGYGVCRNR	0	APD6_pool	train	stage1_train_row2
257	VDKGSYLPRPTPPRPIYNRN	0	APD6_pool	train	stage1_train_row20
258	CTLNFPISPIETVPVKLKPG	1		train	stage1_train_row200
259	GLRSRIWLWVLLMIWQESNRFKRM	1		train	stage1_train_row201
260	SPYPSWSTPAGR	1		train	stage1_train_row202
261	TPLPTIRGDTGT	1		train	stage1_train_row203
262	GFSSLFKAGAKYLLKQVGKAGAQQLACKAANNC	0	APD6_pool	train	stage1_train_row204
263	FITGLISGLMKAL	0	APD6_pool	train	stage1_train_row205
264	THLEGKVILVAVHVASGYIE	1		train	stage1_train_row206
265	KVYLAWVPAHKGIGG	1		train	stage1_train_row207
266	FAVNPGLLETSEAAAQIL	1		train	stage1_train_row208
267	GWGCNIFGGNDYRCHRHCKSISGYKGGYCKLGGICKCY	0	APD6_pool	train	stage1_train_row209
268	GRPNPVNTKPTPYPRL	0	APD6_pool	train	stage1_train_row21
269	RHHYESPHPRISSEV	1		train	stage1_train_row210
270	LEAIPCSIPPCVLFNKPFVF	1		train	stage1_train_row211
271	GFWGSLWEGVKSVV	0	APD6_pool	train	stage1_train_row212
272	FLFAFRIFKRVFKKFRKLFKRAF	1		train	stage1_train_row213
273	GPKTKAACKMACKLATCGKKPGGWKCKLCELGCDAV	0	APD6_pool	train	stage1_train_row214
274	GSRIPTGERVWDRGNVTLLC	1		train	stage1_train_row215
275	ILGAIIPLVSGLLSHL	0	APD6_pool	train	stage1_train_row216
276	NLLNDALGTVNGLLGRS	0	APD6_pool	train	stage1_train_row217
277	LPEKDSWTVNDIQKLVGKLN	1		train	stage1_train_row218
278	VSPRCEYQAGHNKVG	1		train	stage1_train_row219
279	MHGQVDCSPGIWQLD	1		train	stage1_train_row22
280	APEDIGFCLEGGCLVALG	1		train	stage1_train_row220
281	EALAKAAEALAKAAEALAKAAEALAKAAWASLWNWF	1		train	stage1_train_row221
282	GRPDGFIHVQGHLQEVDA	1		train	stage1_train_row222
283	KSKKVKISLPCNSTKNLTFA	1		train	stage1_train_row223
284	IEQLIKKEKVYLAWV	1		train	stage1_train_row224
285	WMEWDREIEELAKKAEELAKKAEELAKKAWASLWNWF	1		train	stage1_train_row225
286	RFRIRCRWNVGSDTSLIDTC	1		train	stage1_train_row226
287	FFFHIIKGLFHAGRMIHGLV	0	APD6_pool	train	stage1_train_row227
288	YPPKPESPGEDASPEEMNKYLTALRHYINLVTRQRY	0	APD6_pool	train	stage1_train_row228
289	RSQKEGLHYTCSSHFPYSQYQFWK	1		train	stage1_train_row229
290	GADRCRERCERRHRGDWQGKQRCLMECRRREQEED	0	APD6_pool	train	stage1_train_row23
291	WNDTGKDADGAEY	0	APD6_pool	train	stage1_train_row230
292	KYYGNGVTCGKHSCSVDWGKATTCIINNGAMAWATGGHQGNHKC	0	APD6_pool	train	stage1_train_row231
293	GNRPNIPTYIPRPRPPHPRL	0	APD6_pool	train	stage1_train_row232
294	INWLKLGKKMMSAL	0	APD6_pool	train	stage1_train_row233
295	RNKSNLHTEARFRIRCRWNV	1		train	stage1_train_row234
296	LGDARLVITTYWGLHT	1		train	stage1_train_row235
297	SDWSLWECCSTGSLFACC	0	APD6_pool	train	stage1_train_row236
298	KRIGLIRLIGKILRGLRRLG	0	APD6_pool	train	stage1_train_row237
299	LGNWAREIWATL	1		train	stage1_train_row238
300	GSGSRQSPSYGR	0	APD6_pool	train	stage1_train_row239
301	FAEPLPSEEEGESYSKEPPEMEKRYGGFM	0	APD6_pool	train	stage1_train_row24
302	GYGCPFNQYQCHSHCSGIRGYKGGYCKGLFKQTCNCY	0	APD6_pool	train	stage1_train_row240
303	FFGAIAAALPHVISAIKNAL	0	APD6_pool	train	stage1_train_row241
304	KGLSGPTVQWWVV	1		train	stage1_train_row242
305	SDRDTVVELSEWGVPCAT	1		train	stage1_train_row243
306	FIVPSIFLLKKAFCIALKKC	0	APD6_pool	train	stage1_train_row244
307	WEEWDKKIEEYTKKIEELIKKSEEQQKKNEEELKK	1		train	stage1_train_row245
308	FLPLIGRVLSGIL	0	APD6_pool	train	stage1_train_row246
309	VRRFPWWWPFLRR	0	APD6_pool	train	stage1_train_row247
310	TTPLCVGVIIGLTTSIKICK	0	APD6_pool	train	stage1_train_row248
311	SQGVVESMNKELPKIIGQVRDQAEHLKTAY	1		train	stage1_train_row249
312	FLPFIAGVAAKFLPKIFCAISKKC	0	APD6_pool	train	stage1_train_row25
313	KGLSGPAVPWWVV	1		train	stage1_train_row250
314	QWGRRCCGWGPGRRYCRRWC	0	APD6_pool	train	stage1_train_row251
315	TAYFLLILAGRW	1		train	stage1_train_row252
316	VAEARQGSFSY	0	APD6_pool	train	stage1_train_row253
317	GTKALAEVIPLTEEAEC	1		train	stage1_train_row254
318	WMEWDREIEEAAKKLEEAAKKLEEAAKKLEEAAKKL	1		train	stage1_train_row255
319	NKGCAICSIGAACLVDGPIPDFEIAGATGLFGLWG	0	APD6_pool	train	stage1_train_row256
320	INTWNTTATSTSIIISETFGNKGKVCTYTVECVNNCRG	0	APD6_pool	train	stage1_train_row257
321	ILGPVISKIGGVLGGLLKNL	0	APD6_pool	train	stage1_train_row258
322	KRKRFAKKFLRFLRKVIRFLKRFIRRF	1		train	stage1_train_row259
323	PEDQGPQREPYNEWT	1		train	stage1_train_row26
324	KRVNWRKVGLGASYVMSWLG	0	APD6_pool	train	stage1_train_row260
325	GVYYDPSKDLIAEIQKQGQG	1		train	stage1_train_row261
326	CLGVGSCNDFAGCGYAVVCFW	0	APD6_pool	train	stage1_train_row262
327	FLPVLAGVLSRA	0	APD6_pool	train	stage1_train_row263
328	LNLKGLFKKVASLLT	0	APD6_pool	train	stage1_train_row264
329	FFPLIFGALSSILPKIL	0	APD6_pool	train	stage1_train_row265
330	TTWEAWDRAIAEYAARIEALIRALQELQEKNEAALREL	1		train	stage1_train_row266
331	GFGCPFNQGACHRHCRSIRRRGGYCAGLFKQTCTCYR	0	APD6_pool	train	stage1_train_row267
332	FFPIVGKLLFGLL	0	APD6_pool	train	stage1_train_row268
333	FLGALIPAAIGLISGLIKK	0	APD6_pool	train	stage1_train_row269
334	GPQREPYNEWTLELL	1		train	stage1_train_row27
335	DSHEKRHHGYRRKFHEKHHSHREFPFYGDYGSNYLYDN	0	APD6_pool	train	stage1_train_row270
336	GWRLLLKKAEVKTVGKLALKHYL	0	APD6_pool	train	stage1_train_row271
337	ALAALITPKKIKPPL	1		train	stage1_train_row272
338	TEYWQATWIPEWE	1		train	stage1_train_row273
339	ACWWAAIKQEF	1		train	stage1_train_row274
340	FSVPLDEDFRKYTAFTIPSI	1		train	stage1_train_row275
341	GRFKRFRKKFKKLFKKIS	1		train	stage1_train_row276
342	VDGIPVSWDADARAPA	1		train	stage1_train_row277
343	DLEAVPFVNRTTPFTIRGPL	1		train	stage1_train_row278
344	GLMSSIGKALGGLIVDVLKPKTPAS	0	APD6_pool	train	stage1_train_row279
345	CLGIGSCDDFAGCGYAIVCFW	0	APD6_pool	train	stage1_train_row28
346	HFDNLNKIQANI	0	APD6_pool	train	stage1_train_row280
347	MWITNGGVANWYFVLAR	0	APD6_pool	train	stage1_train_row281
348	FLGAIAAALPHVINAVTNAL	0	APD6_pool	train	stage1_train_row282
349	CTSDLPSSWGYMNCNCTNSSSS	1		train	stage1_train_row283
350	LVQPRGPRSGPGPWQGGRRKFRRQRPRLSHKGPMPF	1		train	stage1_train_row284
351	ATCDLLSGTGANHSACAAHCLLRGNRGGYCNSKAVCVCRN	0	APD6_pool	train	stage1_train_row285
352	HNSSKQWSHWLWHNGIRI	0	APD6_pool	train	stage1_train_row286
353	LRCRNEKKRHRAVRLIFTI	1		train	stage1_train_row287
354	WDRGNVTLLCDCPNGPWVWV	1		train	stage1_train_row288
355	NIAGNWSCTSDLPSSWGYMN	1		train	stage1_train_row289
356	AGFVLKGYTKTSQ	0	APD6_pool	train	stage1_train_row29
357	TGTFGFFPGVPPINNCMPLG	1		train	stage1_train_row290
358	TPDKKHQKEPPFLWMGYELH	1		train	stage1_train_row291
359	GRFRRLRNRIRNIWRKIGPIAGPLISRFG	0	APD6_pool	train	stage1_train_row292
360	GLKKLLGKLLKKLGKLLLK	1		train	stage1_train_row293
361	RCGTGPRLTKDLEAVPFVNR	1		train	stage1_train_row294
362	LQQLLFIHFRIGCQH	1		train	stage1_train_row295
363	VVTLTDTTNQKTELQAIYLA	1		train	stage1_train_row296
364	FHCQRTQSQPGSWFRAISSWKQ	1		train	stage1_train_row297
365	FLPLLLAGLPKLLCLFFKKC	0	APD6_pool	train	stage1_train_row298
366	GRFKRFRKKFKKLFK	1		train	stage1_train_row299
367	GLFDIIKKIAESI	0	APD6_pool	train	stage1_train_row3
368	GGLKKLGKKLEGAGKRVFKASEKALPVVVGIKAIGK	0	APD6_pool	train	stage1_train_row30
369	GWMSKIASGIGTFLSGMQQ	0	APD6_pool	train	stage1_train_row300
370	KYTAFTIPSINNETPGIRYQ	1		train	stage1_train_row301
371	YPSKPDNPGEDAPAEDMARYYSALRHYINLITRQRY	0	APD6_pool	train	stage1_train_row302
372	FKVKAKVKAKVKAKVKAKKKK	1		train	stage1_train_row303
373	AVGIGAMFLGFLGAAGSTMGAAS	1		train	stage1_train_row304
374	WQEWERKVDFLEENITALLEEAQIQQEKNMYELQK	1		train	stage1_train_row305
375	IFWDCWAPEEPACQDFLGAMIH	1		train	stage1_train_row306
376	TYICEVEDQKEE	1		train	stage1_train_row307
377	FLPFLGKLLSGIF	0	APD6_pool	train	stage1_train_row308
378	NVQGKTGIQQLQKWEDWVRW	1		train	stage1_train_row309
379	TKALTEVIPLTEEAELELAE	1		train	stage1_train_row31
380	RSISGWILSTYLGRP	1		train	stage1_train_row310
381	APPGARPPPGPPPPGPPPPGP	0	APD6_pool	train	stage1_train_row311
382	AAVTRRILCWFA	0	APD6_pool	train	stage1_train_row312
383	INWKALLDAAKKVL	0	APD6_pool	train	stage1_train_row313
384	GTKALTEVIALTEEAEC	1		train	stage1_train_row314
385	RQLLSQIVQQQNNLLRAIEAQQHLLQLT	1		train	stage1_train_row315
386	QIWNNMTWMEWDREINNYTSLIHSLIEESQNQ	1		train	stage1_train_row316
387	RGNVTLLCDCPNGPWVWVPA	1		train	stage1_train_row317
388	QHLLQLTVWGIKQLQARILAVERYLKDQ	1		train	stage1_train_row318
389	GIFGKILGAGKKVLCGLSGLC	0	APD6_pool	train	stage1_train_row319
390	LVRDSMAKLRERLNQRQKLFESTQ	1		train	stage1_train_row32
391	LAHQKPFIRKSYKCLHKRCR	0	APD6_pool	train	stage1_train_row320
392	LSVKAFTGIQLRGVCGIEVKARG	0	APD6_pool	train	stage1_train_row321
393	ILPLVGNLLNDLL	0	APD6_pool	train	stage1_train_row322
394	GILTDTLKGAAKNVAGVLLDKLKCKITGGC	0	APD6_pool	train	stage1_train_row323
395	GLFDIAKKVIGVIGSL	0	APD6_pool	train	stage1_train_row324
396	QKQGQGQWTYQIYQEP	1		train	stage1_train_row325
397	CSCRANGSRIPTGERVWDRG	1		train	stage1_train_row326
398	YPLPHPMWSMLP	1		train	stage1_train_row327
399	GLRRLLGRLLRRLGRLLLR	1		train	stage1_train_row328
400	ACLRIRVCNRYYCYVFLRCF	0	APD6_pool	train	stage1_train_row329
401	FCTMIPIPRCY	0	APD6_pool	train	stage1_train_row33
402	SGIVQQQNNLLRAIEAQQHLLQLTVWGIKQLQARIL	1		train	stage1_train_row330
403	WERKVDFLEENITALLEEAQIQQEKNMYELQKLNS	1		train	stage1_train_row331
404	TLLCDCPNGPWVWVPAFCQA	1		train	stage1_train_row332
405	ILGPVLSMVGSALGGLIKKI	0	APD6_pool	train	stage1_train_row333
406	RQRVEELSKFSKKGAAARRRK	1		train	stage1_train_row334
407	GWFEGWFNRSPWFTT	1		train	stage1_train_row335
408	NMAKLRERLKQRQQL	1		train	stage1_train_row336
409	DTVVELSEWGVPCATCIL	1		train	stage1_train_row337
410	QLLIRMIYKNILFYLVPGPGHGAEPERRNIKYL	1		train	stage1_train_row338
411	SWASMAKKLKEYMEKLKQRA	0	APD6_pool	train	stage1_train_row339
412	ANRETKLGKAGYVTNRGRQK	1		train	stage1_train_row34
413	YQEPVLGPVRGPFPI	0	APD6_pool	train	stage1_train_row340
414	ETVPVKLKPGMDGPKVKQWP	1		train	stage1_train_row341
415	KTCENLADTFRGPCFATSNC	0	APD6_pool	train	stage1_train_row342
416	GLFPKFNKKKVKTGIFDIIKTVGKEAGMDVLRTGIDVIGCKIKGEC	1		train	stage1_train_row343
417	IWGLIAHGVAHVGSLIHGLVNG	0	APD6_pool	train	stage1_train_row344
418	QIQDPEIPKCGWWNQMAYYN	1		train	stage1_train_row345
419	ITSISLCTPGCKTGALMGCNMKTATCHCSIHVSK	0	APD6_pool	train	stage1_train_row346
420	SGIDQEQNNLTRLIEAQIHELQLTQWKIKQLLARILK	1		train	stage1_train_row347
421	CETPSKHFNGLCIRSSNCASVCHGEHFTDGRCQGVRRRCMCLKPC	0	APD6_pool	train	stage1_train_row348
422	KYALMKKIAELIPNLKSRQVK	0	APD6_pool	train	stage1_train_row349
423	YNVLPQGWKGSPAIFQSSMT	1		train	stage1_train_row35
424	GMASKAGAIAGKIAKVALKAL	0	APD6_pool	train	stage1_train_row350
425	ALGPAATLEEMMTACAAA	1		train	stage1_train_row351
426	GLFDIIKKVASVIGGL	0	APD6_pool	train	stage1_train_row352
427	LTSDTYFLPVPA	1		train	stage1_train_row353
428	GFGCPLNQGACHRHCRSIRRRGGYCAGFFKQTCCYRN	0	APD6_pool	train	stage1_train_row354
429	SPPNQPSIMTFDYAKTNK	0	APD6_pool	train	stage1_train_row355
430	ILPWKWPWWPWPP	1		train	stage1_train_row356
431	GWANTLKNVAGGLCKITGAA	0	APD6_pool	train	stage1_train_row357
432	KGEAMHGQVDCSPGIWQLDC	1		train	stage1_train_row358
433	VQQQNNLLRAIEAQQHLLQLTVWGIKQL	1		train	stage1_train_row359
434	CTEMEKEGKISKIGP	1		train	stage1_train_row36
435	GDPTFCGETCRVIPVCTYSAALGCTCDDRSDGLCKRN	1		train	stage1_train_row360
436	RGGRLCYCRGWICFCVGR	0	APD6_pool	train	stage1_train_row361
437	INMKASAAVAKKLL	0	APD6_pool	train	stage1_train_row362
438	GTKRGKLCRISRLAL	0	APD6_pool	train	stage1_train_row363
439	FLPIVGKSLSGLSGKL	0	APD6_pool	train	stage1_train_row364
440	MDGPKVKQWPLTEEKIKALV	1		train	stage1_train_row365
441	ESVKITCARPYQNTRQRTPIGLGQSLYTTRSRSIIGQAHCNIS	1		train	stage1_train_row366
442	PDKSESELVSQIIEQ	1		train	stage1_train_row367
443	QRQQLFDSQQGWFEG	1		train	stage1_train_row368
444	IFGKIWEGIKSLF	0	APD6_pool	train	stage1_train_row369
445	CDGGIKKEIEAIKKEQEAIKKKIEAIEKLLQLTVWGIKQLQARIL	1		train	stage1_train_row37
446	CVWGGDCTDFLGCGTAWICV	0	APD6_pool	train	stage1_train_row370
447	VDKPDYRPRPWPRPNM	0	APD6_pool	train	stage1_train_row371
448	ETWETWWTEYWQATWIPEWE	1		train	stage1_train_row372
449	GLLDFVTGVGKDIFAQLIKQI	0	APD6_pool	train	stage1_train_row373
450	NFLGTLINLAKKIM	0	APD6_pool	train	stage1_train_row374
451	GAKKGAKKGKKGAKKGAKGAGAKGAGAFKKKK	1		train	stage1_train_row375
452	VWLSALKFIGKHLAKHQLSKL	0	APD6_pool	train	stage1_train_row376
453	TAYFLLKAAGRW	1		train	stage1_train_row377
454	GAFGDLLKGVAKEAGLKLLNMAQCKLSGNC	0	APD6_pool	train	stage1_train_row378
455	INWLKLGKKILGAL	0	APD6_pool	train	stage1_train_row379
456	TTWEAWDRAIAEYAARIEALIRALQEQQEKNEAILREL	1		train	stage1_train_row38
457	FLFSLIPSAISGLISAF	0	APD6_pool	train	stage1_train_row380
458	NVLSSVANGINRALSFFG	0	APD6_pool	train	stage1_train_row381
459	SLGSSPYNDILGYPALIVIYP	0	APD6_pool	train	stage1_train_row382
460	RRIPRPILLPWRPPRPIPRPQPQPIPRWL	0	APD6_pool	train	stage1_train_row383
461	YPAPIKVLLPNS	1		train	stage1_train_row384
462	GSWFRAISSWKQRNRWEWRPDF	1		train	stage1_train_row385
463	ACWWAGIKQAF	1		train	stage1_train_row386
464	FLPLLASLFSRLL	0	APD6_pool	train	stage1_train_row387
465	FLPLILPSIVTALSSFLKQG	0	APD6_pool	train	stage1_train_row388
466	GTAALTEVIPLTEEAEC	1		train	stage1_train_row389
467	FLAAARIAKRVAKKARKLAKRAARKRK	1		train	stage1_train_row39
468	QGVRNHVTCRIYGGFCVPIRCPGRTRQIGTCFGRPVKCCRRW	0	APD6_pool	train	stage1_train_row390
469	ATGQETAYFLLKLAGKA	1		train	stage1_train_row391
470	YVSGKARGWFYRHHY	1		train	stage1_train_row392
471	KKVWFIFHVCPKLKQRIL	0	APD6_pool	train	stage1_train_row393
472	KGLSGPSWWLFCV	1		train	stage1_train_row394
473	GLLSVLGSVAKHVLPHVVPVIAEKL	0	APD6_pool	train	stage1_train_row395
474	YSKSLPLSVLNP	0	APD6_pool	train	stage1_train_row396
475	FLGALIPAITGLIGGLINR	0	APD6_pool	train	stage1_train_row397
476	ILGPVIKTIGGVIGGLLKNL	0	APD6_pool	train	stage1_train_row398
477	RGILRNWYNPFAGLRQSLEQ	1		train	stage1_train_row399
478	RQQPMTLDYRW	0	APD6_pool	train	stage1_train_row4
479	VVLNLVVKLLKYAK	0	APD6_pool	train	stage1_train_row40
480	SLWETIKNAGKGFIQNLDKIR	0	APD6_pool	train	stage1_train_row400
481	CFLNITNSHVSILQEAPPLENRV	1		train	stage1_train_row401
482	HLGHHALDHLLK	0	APD6_pool	train	stage1_train_row402
483	GIGGALLSAGKSALKGLAKGLAEHF	0	APD6_pool	train	stage1_train_row403
484	RVCFAIPLPICH	0	APD6_pool	train	stage1_train_row404
485	VVVNVLVKVLPPPVV	0	APD6_pool	train	stage1_train_row405
486	GFLSALKKYLPIVLKHV	0	APD6_pool	train	stage1_train_row406
487	FLSLIPHAINAVSAIAKHN	0	APD6_pool	train	stage1_train_row407
488	PAFCQAVGWGDPITHWSHGQ	1		train	stage1_train_row408
489	LLPIVGNLLNSLL	0	APD6_pool	train	stage1_train_row409
490	GLFDIVKKVVGTLAGL	0	APD6_pool	train	stage1_train_row41
491	RKCNFLCKVKNKLKSVGSKSLIGSATHHGIYRV	0	APD6_pool	train	stage1_train_row410
492	ACGWAGIKQEF	1		train	stage1_train_row411
493	KQLTEAVQKITTESIVIWGK	1		train	stage1_train_row412
494	CFLNITNSHVSILQEAPPLENAV	1		train	stage1_train_row413
495	GGRGHIAEYFSGPITQVSFYG	0	APD6_pool	train	stage1_train_row414
496	VSQIIEQLIKKEKVY	1		train	stage1_train_row415
497	GLLGLLGSVVSHVVPAIVGHF	0	APD6_pool	train	stage1_train_row416
498	MTLTVQARQLLSQIVQQQNNLLRAIEAQ	1		train	stage1_train_row417
499	IKKEIEAIKKEQEAIKKKIEAIEKEIEAQQHLLQLTVWGIKQLQARILAVERY	1		train	stage1_train_row418
500	RLFDKIRQVIRKF	1		train	stage1_train_row419
501	VFQFLGRIIHHVGNFVHGFSHVF	1		train	stage1_train_row42
502	GLFTLIKCAYQLIAPTVACN	0	APD6_pool	train	stage1_train_row420
503	GLADFLNKAVGKVVDFVKS	0	APD6_pool	train	stage1_train_row421
504	KKKKFVKKVAKKVKKVAKKVAKVAVAV	1		train	stage1_train_row422
505	QEFFGLNNCSSSNRLD	1		train	stage1_train_row423
506	VAIALKAAHYHTHKE	0	APD6_pool	train	stage1_train_row424
507	MTWEAWDRAIAEYAARIEALIRAAQEQQEKNEAALREL	1		train	stage1_train_row425
508	RFIYMKGFGKPRFGKR	0	APD6_pool	train	stage1_train_row426
509	GLMDTVKNAAKNLAGQLLDRLKCKITGC	0	APD6_pool	train	stage1_train_row427
510	RLGDILQKAREKIEGGLKKLVQKIKDFFGKFAPRTES	0	APD6_pool	train	stage1_train_row428
511	GKPRPYSPRPTSHPRPIRV	1		train	stage1_train_row429
512	GKKYRRFRWKFKFGKWFWFG	1		train	stage1_train_row43
513	GLISGILGVGKKLVCGLSGLC	0	APD6_pool	train	stage1_train_row430
514	IGLKVEAMEKFLYTAFAMQE	1		train	stage1_train_row431
515	FLPIIAGIAAKFLPKIFCTISKKC	0	APD6_pool	train	stage1_train_row432
516	ATHQEAIEKVTGALKINNLR	1		train	stage1_train_row433
517	ILGTILGLLKSL	0	APD6_pool	train	stage1_train_row434
518	FLSLIPTAINAVSALAKHF	0	APD6_pool	train	stage1_train_row435
519	GLFGKILGVGKKVLCGLSGMC	0	APD6_pool	train	stage1_train_row436
520	AEAMSQVTNTATIM	1		train	stage1_train_row437
521	GTKALTEVIPATEEAEC	1		train	stage1_train_row438
522	AALKGCWTKSIPPKPCFGKR	0	APD6_pool	train	stage1_train_row439
523	QIPLINYTFGPNQTCMWNTS	1		train	stage1_train_row44
524	GIFSLIKTAAKFVGKNLLKQAGKAGLEHLACKANNQC	0	APD6_pool	train	stage1_train_row440
525	RWKFGKKLERMGKRIFKATEKGLPVATGVAALARG	0	APD6_pool	train	stage1_train_row441
526	WNSLKIDALDV	1		train	stage1_train_row442
527	EINCTRPNNNTRKSIRIQRGPGRAFVTIGKIGNMRQAHCNIS	1		train	stage1_train_row443
528	NNLLRAIEAQQHLLQLTVWGIKQLQARILAVERYLKDQ	1		train	stage1_train_row444
529	GIFSKFAGRGLKNLFMKGAKKIGKEVGMDVLRTGIDIAGCKIRGEC	0	APD6_pool	train	stage1_train_row445
530	SGIVQQQNNLLRAIEAQQHLLQLTVWGIKQCCGR	1		train	stage1_train_row446
531	FLSGILKLAFKIPSVLCAVLKNC	0	APD6_pool	train	stage1_train_row447
532	TAYFLLKLAGRL	1		train	stage1_train_row448
533	FFQELKEGWKNIKKA	0	APD6_pool	train	stage1_train_row449
534	FAHWPDLGPGSPSVKKHGKVIM	0	APD6_pool	train	stage1_train_row45
535	DLYVGSDLEIGQHRTKIEEL	1		train	stage1_train_row450
536	TRQARRNRRRWRERQRAAAAC	1		train	stage1_train_row451
537	TTWEAWDRAIAEYAARIEALIRAAQEQQEKNEAILREL	1		train	stage1_train_row452
538	GWLKKIESIIDAF	1		train	stage1_train_row453
539	GLFTLIKGAYKLDAPTVACN	0	APD6_pool	train	stage1_train_row454
540	EWRKKRYSTQW	1		train	stage1_train_row455
541	VDWKKIGQHILSVL	0	APD6_pool	train	stage1_train_row456
542	YQVVKQPDYLLVPEEVMEYK	1		train	stage1_train_row457
543	INWKKIKSIIKAAMN	0	APD6_pool	train	stage1_train_row458
544	QSHLSLCRWCCNCCRSNKGC	0	APD6_pool	train	stage1_train_row459
545	CNCTNSSSSYSGTKMACPSNRG	1		train	stage1_train_row46
546	WEEWDKKIEEYTKKIEELIKKSEEQQKN	1		train	stage1_train_row460
547	AAGKGLVSNLLEK	0	APD6_pool	train	stage1_train_row461
548	ACWWAGIAQEF	1		train	stage1_train_row462
549	PPLPSVTKLTEDRWN	1		train	stage1_train_row463
550	GVLLLILCLPTLVDCIRNCI	1		train	stage1_train_row464
551	YQALIRMIYKNI	1		train	stage1_train_row465
552	GLLSVLKGVLKTTGKHIFKNVGGSLLDQAKCKISGQC	0	APD6_pool	train	stage1_train_row466
553	WNSLKIDNLDA	1		train	stage1_train_row467
554	GNNRPVYIPQPRPPHPRL	0	APD6_pool	train	stage1_train_row468
555	WASLKIDNLDV	1		train	stage1_train_row469
556	MPEVEGEEIQPQMELRRNGR	1		train	stage1_train_row47
557	ATKAVCVLKGDGPVQGIINF	0	APD6_pool	train	stage1_train_row470
558	QCRRLCYKQRCVTYCRGR	0	APD6_pool	train	stage1_train_row471
559	TMKVDDLIVHFNMTKAVEMV	1		train	stage1_train_row472
560	RQLLSGIVQQQNNLLRAIEAQQHLLQK	1		train	stage1_train_row473
561	GHSVDRIPEYFGPPGLPGPVLFYS	0	APD6_pool	train	stage1_train_row474
562	TPKFKLPIQKETWETWWTEY	1		train	stage1_train_row475
563	IKKEKVYLAWVPAHK	1		train	stage1_train_row476
564	GLFTLIKGAYKNDAPTVACN	0	APD6_pool	train	stage1_train_row477
565	TTWEAWDRAIAEYAARIEALIRAAQELQEKNEAALREL	1		train	stage1_train_row478
566	ALWKTLLKNVGKAAGKAALNAVTDMVNQ	0	APD6_pool	train	stage1_train_row479
567	FFPIVGKLLFGLSGLL	0	APD6_pool	train	stage1_train_row48
568	YQLLIRMIYKAI	1		train	stage1_train_row480
569	TRQARRNRRRWRERQR	1		train	stage1_train_row481
570	WMEWDREIEEYTKKIEEYTKKIEEYTKKIEEYTKKI	1		train	stage1_train_row482
571	TVRIIVKVVKYLV	0	APD6_pool	train	stage1_train_row483
572	GIGGVLLSAGKAALKGLAKVLAEKYAN	1		train	stage1_train_row484
573	GIHDILKYGKPS	0	APD6_pool	train	stage1_train_row485
574	GLSQGVEPDIGQTYFEESRINQD	0	APD6_pool	train	stage1_train_row486
575	GLEESPGHPGQPGPPGPPGAPGP	0	APD6_pool	train	stage1_train_row487
576	MRSSGDYGEVTGAWIEFGCH	1		train	stage1_train_row488
577	EIWATLFKKATRQCRRGRIW	1		train	stage1_train_row489
578	DLADQLIHLYYFDCF	1		train	stage1_train_row49
579	FIHHIIGWISHGVRAIHRAIH	0	APD6_pool	train	stage1_train_row490
580	KSCCRNTTARNCYNVCRIPG	0	APD6_pool	train	stage1_train_row491
581	GMASKAGSVLGKLAKVAIGAL	0	APD6_pool	train	stage1_train_row492
582	GPVGLLSSPGSLPPVGGAP	0	APD6_pool	train	stage1_train_row493
583	GTKALTEVAPLTEEAEC	1		train	stage1_train_row494
584	GCRFCCNCCPNMSGCGVCCRF	0	APD6_pool	train	stage1_train_row495
585	LLGMIPLAISAISSLSKL	0	APD6_pool	train	stage1_train_row496
586	ELELAENREILK	1		train	stage1_train_row497
587	KGLSGPSIRWWLV	1		train	stage1_train_row498
588	WYQLEKEPIVGAETFYVDGA	1		train	stage1_train_row499
589	VLSIVACSSGCGSGKTAASCVATCGNKCFTNVGSLC	0	APD6_pool	train	stage1_train_row5
590	ITSHSLCTPGCAKTGSFNSFCC	0	APD6_pool	train	stage1_train_row50
591	LSCPQYVYGSVSVTCVWGSV	1		train	stage1_train_row500
592	RPRLSHKGPMPF	1		train	stage1_train_row501
593	AEPERRNIKYL	1		train	stage1_train_row502
594	DCFSESAIRKAILGH	1		train	stage1_train_row503
595	ITSWSLCTAGCITGRIMGCNK	0	APD6_pool	train	stage1_train_row504
596	RVCYAIPLPIC	0	APD6_pool	train	stage1_train_row505
597	VGALAVVVWLYLWLW	0	APD6_pool	train	stage1_train_row506
598	LVRRRSELMGRRNPVCPG	1		train	stage1_train_row507
599	IHAEIKNSLKIDNLDVNRCIEAL	1		train	stage1_train_row508
600	GVVDILKGAAKDIAGHLASKVM	0	APD6_pool	train	stage1_train_row509
601	RMIYKNILFYLVPGPGHGAEPERRNIKYL	1		train	stage1_train_row51
602	FFPIVGKLLSGLL	0	APD6_pool	train	stage1_train_row510
603	RGTKALTEVIPLTEEAEC	1		train	stage1_train_row511
604	RGDILKRWAGHFSKLL	0	APD6_pool	train	stage1_train_row512
605	EVASFDKSKLK	0	APD6_pool	train	stage1_train_row513
606	AKAVKPKTAKPKTAKPKTAKA	0	APD6_pool	train	stage1_train_row514
607	VEELMKLLEELLKKLEELFKKLEEWFKKWFELSKKFT	1		train	stage1_train_row515
608	FLPILINLIHKGLL	0	APD6_pool	train	stage1_train_row516
609	FFPIIAGMAAKVICAITKKC	0	APD6_pool	train	stage1_train_row517
610	KGLSGPRYVWWLV	1		train	stage1_train_row518
611	NNTRKSIRIQRGPGRAFVTIGKIG	1		train	stage1_train_row519
612	IIGAIAAALPHVINAIKNTF	0	APD6_pool	train	stage1_train_row52
613	PPIQNPSMAPPTQNPYGQPMTPPTQNPYGQPMAPP	0	APD6_pool	train	stage1_train_row520
614	EPYNEWTLELLEELK	1		train	stage1_train_row521
615	GPWVWVPAFCQAVGWGDPIT	1		train	stage1_train_row522
616	APKEWMAWAREIAAYAKLIAALIKQGI	1		train	stage1_train_row523
617	SSGWVCTLTIECGTVICAC	0	APD6_pool	train	stage1_train_row524
618	PDYLLVPEEVMEYKPRRKRAAI	1		train	stage1_train_row525
619	KPFKKLEKVGRNIRDGIIKAGPAVAVIGQATSIARPTGK	0	APD6_pool	train	stage1_train_row526
620	FLPLIAGKIFCAISKKC	0	APD6_pool	train	stage1_train_row527
621	LEQIWNNMTWMEWDREINNYTSLIHSLIEESQNQQE	1		train	stage1_train_row528
622	VSVTCVWGSVSWFASTGGRD	1		train	stage1_train_row529
623	LNLKGIFKKVASLLT	0	APD6_pool	train	stage1_train_row53
624	VVYTLKRNGRTLYGF	0	APD6_pool	train	stage1_train_row530
625	SGIVQQQNNLLRAIEAQQHLLQLTVWGIKQLQAR	1		train	stage1_train_row531
626	TNYGNGVGVPDAIMAGIIKLIFIFNIRQGYNFGKKAT	0	APD6_pool	train	stage1_train_row532
627	VAGLRQSLEQYQVVKQPDYL	1		train	stage1_train_row533
628	ILGKLLSTAAGLLSNL	0	APD6_pool	train	stage1_train_row534
629	FDIMGLIKKVAGAL	0	APD6_pool	train	stage1_train_row535
630	GWFSLVRKVVGGVGSL	0	APD6_pool	train	stage1_train_row536
631	WHSQRLSPVPPA	1		train	stage1_train_row537
632	QRPRLSHKGPMPF	1		train	stage1_train_row538
633	RWKIFKKIERVGQNVRDGIIKAGPAIQVLGTAKAL	0	APD6_pool	train	stage1_train_row539
634	FLSLLPHIASGIASLVSKF	0	APD6_pool	train	stage1_train_row54
635	SLEQIWNNMTWMQWDK	1		train	stage1_train_row540
636	WNSLKIANLDV	1		train	stage1_train_row541
637	PNGPWVWVPAFCQAVGWGDP	1		train	stage1_train_row542
638	RHPDYSVALLLR	0	APD6_pool	train	stage1_train_row543
639	INLKALAALAKKIL	0	APD6_pool	train	stage1_train_row544
640	FSKYERQKDKRPYSERKNQYTGPQFLYPPERIPPQKVIKWNEEGLPIYEIPGEGGHAEPAAA	0	APD6_pool	train	stage1_train_row545
641	TTPFTIRGPLGNQGRGNPVR	1		train	stage1_train_row546
642	KQRQQLFDSQQGWFEGWFNRSPWFT	1		train	stage1_train_row547
643	GLLSGVLGVGKKVLCGLSGLC	0	APD6_pool	train	stage1_train_row548
644	FLPAIAGVAAKFLPKIFCAISKKC	0	APD6_pool	train	stage1_train_row549
645	FLPLLASLFSGLF	0	APD6_pool	train	stage1_train_row55
646	GLLDIVKKVVGAFGSL	0	APD6_pool	train	stage1_train_row550
647	DIQKLVGKLNWASQIYPGIK	1		train	stage1_train_row551
648	VDGIPVEWDADARAPA	1		train	stage1_train_row552
649	RHHYESTHPRISSEV	1		train	stage1_train_row553
650	KAAAAKKSPKKPKKPAAAKK	0	APD6_pool	train	stage1_train_row554
651	GAWKNFWSSLRKGFYDGEAGRAIRR	1		train	stage1_train_row555
652	GVGDLIRKAVSVIKNIV	0	APD6_pool	train	stage1_train_row556
653	GNNRPIYIPQPRPPHPRL	0	APD6_pool	train	stage1_train_row557
654	HLKTAVQMAVFIHNFKR	1		train	stage1_train_row558
655	TAYFLLALAGRW	1		train	stage1_train_row559
656	RKVDFLEENITALLEEAQIQQEKNMYELQKLNSWD	1		train	stage1_train_row56
657	FAVAVKAVAVKAVAVKAVKKAVKKVKKAVKKAVKKKK	1		train	stage1_train_row560
658	RYSTQVDPDLADQLI	1		train	stage1_train_row561
659	GTKALTEVIPLTAEAEC	1		train	stage1_train_row562
660	GWKDWLNKGKEWLKKKGPGIMKAALKAATQ	0	APD6_pool	train	stage1_train_row563
661	FKTWKRPPFQTSCWGIIKE	0	APD6_pool	train	stage1_train_row564
662	FLSGLIGGLAKMLGK	0	APD6_pool	train	stage1_train_row565
663	GLVSSIGRALGGLLADVVKSKGQPA	0	APD6_pool	train	stage1_train_row566
664	GTKWLTEVWPLC	1		train	stage1_train_row567
665	VRRCSELMGRRNPVCPGYAW	1		train	stage1_train_row568
666	AILTTLANWARKFL	0	APD6_pool	train	stage1_train_row569
667	VEAIIRILQQLLFIH	1		train	stage1_train_row57
668	IIRILQQLLFIHFRI	1		train	stage1_train_row570
669	GLWSTIKNVGKEAAIAAGKAALGALGEQ	0	APD6_pool	train	stage1_train_row571
670	TWQEWERKVDFLEENITALLEEAQIQQEKNMYELQ	1		train	stage1_train_row572
671	GFGCPFDQGACHRHCQSIGRRGGYCAGFIKQTCTCYHN	0	APD6_pool	train	stage1_train_row573
672	QPSVQIQVYQGEREIAAHNK	1		train	stage1_train_row574
673	FLIGMTHGLICLISRKC	0	APD6_pool	train	stage1_train_row575
674	NPGLLETSEGCRQ	1		train	stage1_train_row576
675	GVIKSVLKGVAKTVALGML	0	APD6_pool	train	stage1_train_row577
676	ANGSRIPTGERVWDRGNVTL	1		train	stage1_train_row578
677	GIFSSRKCKTPSKTFKGYCTRDSNCDTSCRYEGYPAGD	0	APD6_pool	train	stage1_train_row579
678	ACWGAGIKQEF	1		train	stage1_train_row58
679	APKEWMEWDREINNYTSLIHSLIKQGI	1		train	stage1_train_row580
680	FFPLLFGALSSHLPKLF	0	APD6_pool	train	stage1_train_row581
681	ILGTILGLLKGL	0	APD6_pool	train	stage1_train_row582
682	PKDGPSPGGTLMDLSERQEVSSVRSLSST	1		train	stage1_train_row583
683	YQLLIRMIYANI	1		train	stage1_train_row584
684	DQAEHLKTAVQMAVFIHNYKA	1		train	stage1_train_row585
685	EQVDKLVSAGIRKVLFLDGI	1		train	stage1_train_row586
686	GSDTSLIDTCGNTPNVSGAN	1		train	stage1_train_row587
687	GFLDTLKNIGKTVGGIALNVLT	0	APD6_pool	train	stage1_train_row588
688	GLPVCGETCFGGTCNTPGCICDPWPVCTRN	1		train	stage1_train_row589
689	SLEQIWNNMTWMEWDREINNYTSLIHSLIEESQNQQ	1		train	stage1_train_row59
690	IFGAILPLALGALKNLIK	0	APD6_pool	train	stage1_train_row590
691	RLGTALPALLKTLLAGLNG	0	APD6_pool	train	stage1_train_row591
692	YEIIMDIEQNNVQGKTGIQQ	1		train	stage1_train_row592
693	RIRFPWPWRWPWWRRVRG	0	APD6_pool	train	stage1_train_row593
694	GSKRWRKFEKRVKKIFEETKEALPVIQGVATIVGAVGR	0	APD6_pool	train	stage1_train_row594
695	TSRCIFYRRKKCS	0	APD6_pool	train	stage1_train_row595
696	FLQHIIGALTHIF	0	APD6_pool	train	stage1_train_row596
697	TTWEAWDRAIAEYAARIEALLRALQEQQEKNEAALREL	1		train	stage1_train_row597
698	NKSLEQIWNNMTWMEWDREINNYTSLIHSLIEESQN	1		train	stage1_train_row598
699	GKINISLCLTGGKMLYNKVT	1		train	stage1_train_row599
700	GSQLVYREWVGHSNVIKP	0	APD6_pool	train	stage1_train_row6
701	FHRCGAGPKLTKDLEAVP	1		train	stage1_train_row60
702	YVSPVAIVKGLNIPL	0	APD6_pool	train	stage1_train_row600
703	GICRCLCRRGVCRCICVL	0	APD6_pool	train	stage1_train_row601
704	VHISHREARGPSFRICVGFLGPRWARGCSTGN	0	APD6_pool	train	stage1_train_row602
705	GLISGLLGVGKMLVCGLSGLC	0	APD6_pool	train	stage1_train_row603
706	GLLDFLKAAGKGLVSNLLEK	0	APD6_pool	train	stage1_train_row604
707	EEAAKKLEEAAKKLEEAAKKLEEAAKKLWASLWNWF	1		train	stage1_train_row605
708	RIRFPWPWRWPWWPPFRG	0	APD6_pool	train	stage1_train_row606
709	FKLPIQKETWETWWTEYWE	1		train	stage1_train_row607
710	VTDSQYALGIIQAQPDQSES	1		train	stage1_train_row608
711	GLWDTIKQAGKKFFLNVLDKIRCKVAGGCRT	0	APD6_pool	train	stage1_train_row609
712	NCCAPEDIGFCLEGGCLV	1		train	stage1_train_row61
713	TYGDTWAGVEAIIRI	1		train	stage1_train_row610
714	QETAYFLLKLAGR	1		train	stage1_train_row611
715	DFLEENITALLEEAQIQQEKNMYELQKLNSWDVFG	1		train	stage1_train_row612
716	LPLPAPSFHRTT	1		train	stage1_train_row613
717	GSAQPYKQLHKVVNWDPYG	0	APD6_pool	train	stage1_train_row614
718	GLFDVIKKVASVIGLASP	0	APD6_pool	train	stage1_train_row615
719	GTGLPMSERRKIMLMMR	0	APD6_pool	train	stage1_train_row616
720	TTESIVIWGKTPKFKLPIQK	1		train	stage1_train_row617
721	GAVVDILKGAGKNLLSLALNKLSEKV	0	APD6_pool	train	stage1_train_row618
722	HWSHGQNQWPLSCPQYVYGS	1		train	stage1_train_row619
723	SAVGRHGRRFGLRKHRKH	0	APD6_pool	train	stage1_train_row62
724	FLGALWNVAKSVF	0	APD6_pool	train	stage1_train_row620
725	FFPIVGKRLYGLL	0	APD6_pool	train	stage1_train_row621
726	VDKPDYRPRPRPPNM	1		train	stage1_train_row622
727	GTKAWTEVWPLC	1		train	stage1_train_row623
728	KFFKRLLKSVRRAVKKFRKKPRLIGLSTLL	0	APD6_pool	train	stage1_train_row624
729	SWKSMAKKLKEYMEKLKQRA	1		train	stage1_train_row625
730	IKKEIEAIKKEQEAIKKKIEAIEKEISGIVQQQNNLLRAIEAQQHLLQLTVWGIKQLQARIL	1		train	stage1_train_row626
731	FWNWLSAWIKKTYEEIKKTYEEIKKTYEEIERDWEMV	1		train	stage1_train_row627
732	PDPAKTAPKKGSKKAVTKA	0	APD6_pool	train	stage1_train_row628
733	TRSGFLREQWIT	0	APD6_pool	train	stage1_train_row629
734	LQSNININTAAAVILIFNQVQVGALCAPTPVSGGGPVP	0	APD6_pool	train	stage1_train_row63
735	LRDLVCYCRTRGCKRREHMNGTCRKGHLMYTLCCR	0	APD6_pool	train	stage1_train_row630
736	INVKQIAARLLPPLYSLV	1		train	stage1_train_row631
737	FISQIISTARI	0	APD6_pool	train	stage1_train_row632
738	GAKALTEVIPLTEEAEC	1		train	stage1_train_row633
739	GMWSKIKNAGKAAKAAAKAAGKAALGAVSEAM	0	APD6_pool	train	stage1_train_row634
740	WQEWEQKITALLEQAQIQQEKNEYELQKLDKWASLWEWF	1		train	stage1_train_row635
741	KRWNETITGPSGCANNTCYN	1		train	stage1_train_row636
742	GIMDTVKNAAKDLAGQLLDKLKCRITGC	0	APD6_pool	train	stage1_train_row637
743	KVINPEPIVEPFMSKPFALF	1		train	stage1_train_row638
744	SPRVCIRVCRNGVCYRRCWG	0	APD6_pool	train	stage1_train_row639
745	GLRSKIWLWVLLMIWQESNKFKKM	1		train	stage1_train_row64
746	RKAILGHIVSPRCEY	1		train	stage1_train_row640
747	LFCKGGSCHFGGCPSHLIKVGSCFGFRSCCKWPWNA	0	APD6_pool	train	stage1_train_row641
748	NDPETQYWTCGYRGLCRRFCYAQEYIDGHHGCPRRYRCCAMRS	0	APD6_pool	train	stage1_train_row642
749	GLLDLLKGAGKGLLTHLASQI	0	APD6_pool	train	stage1_train_row643
750	QVVRNPQSCRWNMGVCIPISCPGNMRQIGTCFGPRVPCCRRW	0	APD6_pool	train	stage1_train_row644
751	LEAIPMCIPPECAFNKPFVF	1		train	stage1_train_row645
752	YADHTGLVRDNMAKL	1		train	stage1_train_row646
753	GLLGKVLGVGKKVLCVVSGLC	0	APD6_pool	train	stage1_train_row647
754	FFRNLWKGAKAAFRAGHAAWRA	0	APD6_pool	train	stage1_train_row648
755	FFIILLTIDRYLAVV	1		train	stage1_train_row649
756	QLLIRMIYKNI	1		train	stage1_train_row65
757	DFWEVQLGIPHPAGLKKKKS	1		train	stage1_train_row650
758	FLFSLIPSAISGLINAFK	0	APD6_pool	train	stage1_train_row651
759	FPPPGESAVDMSFFYALSNP	0	APD6_pool	train	stage1_train_row652
760	MMMMRMQQEEMQPR	0	APD6_pool	train	stage1_train_row653
761	PVDCTMYSNKMYNCSLQNGF	1		train	stage1_train_row654
762	ACWWAGIRQEF	1		train	stage1_train_row655
763	QYGRRCCNWGPGRRYCKRWC	0	APD6_pool	train	stage1_train_row656
764	KRFKKFFKKVKKSVKKRLKKIFKKPMVIGVTIPF	0	APD6_pool	train	stage1_train_row657
765	AAANPGLLETSEGCRQIL	1		train	stage1_train_row658
766	FPFLLSLIPSAISAIKRL	0	APD6_pool	train	stage1_train_row659
767	DHYLCVKNEGICLYSSCPSYTKIEGTCYGGKAKCCK	0	APD6_pool	train	stage1_train_row66
768	SFPFFPPGICKRLKRC	0	APD6_pool	train	stage1_train_row660
769	GIGGKILSGLKTALKGAAKELASTYLH	1		train	stage1_train_row661
770	AIPWIWIWRLLRKG	0	APD6_pool	train	stage1_train_row662
771	LMCTHPLDCSN	0	APD6_pool	train	stage1_train_row663
772	LGQGVSIEWRKKRYS	1		train	stage1_train_row664
773	TTWEAWDRAIAEYAARIEALIRAAQEQQEKNEAALREL	1		train	stage1_train_row665
774	HVDKKVADKVLLLKQLRIMRLLTRL	1		train	stage1_train_row666
775	PDKWTVQPIVLPEKDSWTVN	1		train	stage1_train_row667
776	FLPLLLSALPSFLCLVFKKC	0	APD6_pool	train	stage1_train_row668
777	KCSWWNASCHLGNNGKICTVSHECAAGCNL	0	APD6_pool	train	stage1_train_row669
778	YQLLIRMIAKNI	1		train	stage1_train_row67
779	KSLEQIWNNMTWMEWDREINNYTSLIHSLIEESQNQ	1		train	stage1_train_row670
780	KYYGNGVHCTKSGCSVNWGEAASAGIHRLANGGNGFW	0	APD6_pool	train	stage1_train_row671
781	AIPWIWIWWLLRKG	0	APD6_pool	train	stage1_train_row672
782	ISLEICAIFHDN	0	APD6_pool	train	stage1_train_row673
783	TAYFLLKLAGRW	1		train	stage1_train_row674
784	GLWEKIDKFASII	1		train	stage1_train_row675
785	NALSSPRNKCDRASSCFG	0	APD6_pool	train	stage1_train_row676
786	FFPIVGKLLSGLSGLL	0	APD6_pool	train	stage1_train_row677
787	AKKPVAKKAAGGVKKPK	0	APD6_pool	train	stage1_train_row678
788	SGFVLKGYTKTSQ	0	APD6_pool	train	stage1_train_row679
789	FLSLALAALPKFLCLVFKKC	0	APD6_pool	train	stage1_train_row68
790	KRFGRLAKSFLRMRILLPRRKILLAS	0	APD6_pool	train	stage1_train_row680
791	TLVDCIRNCIHKILGYTVIA	1		train	stage1_train_row681
792	GRWPVKTIHTDNGSNFTGAT	1		train	stage1_train_row682
793	KKGACEARHREWAWLCAA	1		train	stage1_train_row683
794	PNQTCMWNTSQIQDPEIPKC	1		train	stage1_train_row684
795	ACWWAGIKAEF	1		train	stage1_train_row685
796	GILDAIKAIAKAAG	0	APD6_pool	train	stage1_train_row686
797	WNSLKIDNADV	1		train	stage1_train_row687
798	ESTHPRISSEVHIPL	1		train	stage1_train_row688
799	HGNITLGEWYNQTKDLQQKF	1		train	stage1_train_row689
800	FCLEGGCLVALGCTICTD	1		train	stage1_train_row69
801	YQLLARMIYKNI	1		train	stage1_train_row690
802	VEENMKKLEERLKKREELFKKQEEWFKKWFERSKKFT	1		train	stage1_train_row691
803	LLGGILGIGLGVLLLILCLP	1		train	stage1_train_row692
804	RIKRFWPVVIRTVVAGYNLYRAIKKK	0	APD6_pool	train	stage1_train_row693
805	DEMKLDGFNMHLE	0	APD6_pool	train	stage1_train_row694
806	KQRNRWEWRPDFKSKKVKISLPC	1		train	stage1_train_row695
807	PAATLEEHMTA	1		train	stage1_train_row696
808	FLPLIGKILGTIL	0	APD6_pool	train	stage1_train_row697
809	FALGAVTKLLPSLLCMITRKC	0	APD6_pool	train	stage1_train_row698
810	GLFDIVKKIAGHIAGSI	0	APD6_pool	train	stage1_train_row699
811	ATGQETAYFLLKLALKA	1		train	stage1_train_row7
812	WQVMIVWQVDRMRIR	1		train	stage1_train_row70
813	CKQSCSFGPFTFVCDGNTK	0	APD6_pool	train	stage1_train_row700
814	GFLGPLLKLGLKGAAKLLPQLLPSRQQ	0	APD6_pool	train	stage1_train_row701
815	RVWDRGNVTLLCDCPNGPWV	1		train	stage1_train_row702
816	FIGALLRPALKLLAGK	0	APD6_pool	train	stage1_train_row703
817	GAKTETLVIPETELEAC	1		train	stage1_train_row704
818	LQDSGLEVNIVTDSQYALGI	1		train	stage1_train_row705
819	LKARTVTFGVVTSVI	1		train	stage1_train_row706
820	RWKIFKKIEKVGQNIRDGIVKAGPAVAVVGQAATI	0	APD6_pool	train	stage1_train_row707
821	FLPFVGNLLKGLL	0	APD6_pool	train	stage1_train_row708
822	NLVSALIEGRKYLKNVLKKLNRLKEKNKAKNSKENN	0	APD6_pool	train	stage1_train_row709
823	MEQAPEDQGPQREPY	1		train	stage1_train_row71
824	TRQCRRGRIWKRWNETITGP	1		train	stage1_train_row710
825	KVTKSVKSIPVKI	0	APD6_pool	train	stage1_train_row711
826	LSKKLICYCRIRGCKRRERVFGTCRNLFLTFVFCCS	0	APD6_pool	train	stage1_train_row712
827	LYYFDCFSESAIRKA	1		train	stage1_train_row713
828	ITSISLCTAGCITGVIMTCMSNGCK	0	APD6_pool	train	stage1_train_row714
829	FFPLLFGALSSMMPKLF	0	APD6_pool	train	stage1_train_row715
830	YQLLIRPIYKNI	1		train	stage1_train_row716
831	FFPTIAGLTKLFCAITKKC	0	APD6_pool	train	stage1_train_row717
832	GIIDIAKKLVGGIRNVLGI	0	APD6_pool	train	stage1_train_row718
833	GMVTQYHQVLATHQEAIEKV	1		train	stage1_train_row719
834	GIGGALLSAGKSALKGLAKGLAEHL	0	APD6_pool	train	stage1_train_row72
835	NEPTHLLKAFSKAGFQ	0	APD6_pool	train	stage1_train_row720
836	GGAGHVPEYFVGIGTPISFYG	0	APD6_pool	train	stage1_train_row721
837	FIGTALGIASAIPAIVKLFK	0	APD6_pool	train	stage1_train_row722
838	GLLDALSGILGL	0	APD6_pool	train	stage1_train_row723
839	AAWWAGIKQEF	1		train	stage1_train_row724
840	GFGCPLDQMQCHNHCQSVRYRGGYCTNFLKMTCKCY	0	APD6_pool	train	stage1_train_row725
841	GIFGKILGVGKKTLCELSGMC	0	APD6_pool	train	stage1_train_row726
842	ACAWAGIKQEF	1		train	stage1_train_row727
843	EVCEKASKTWSGNCGNTGHC	0	APD6_pool	train	stage1_train_row728
844	SFGLCRLRRGSCAHGRCRFPSIPIGRCSRFVQCCRRVW	0	APD6_pool	train	stage1_train_row729
845	FFGTALKIAANVLPTAICKILKKC	0	APD6_pool	train	stage1_train_row73
846	ACWWAGIKQEF	1		train	stage1_train_row730
847	FIGAIARLLSKIF	0	APD6_pool	train	stage1_train_row731
848	GINTLKKVIQGLHEVIKLVSNHE	0	APD6_pool	train	stage1_train_row732
849	FLSLIPHAINAVSALANHG	0	APD6_pool	train	stage1_train_row733
850	SWETWEREIENYTKQIYKILEESQEQQDRNEKDLLE	1		train	stage1_train_row734
851	IKKEKVYLAWVPAHKGIGN	1		train	stage1_train_row735
852	INWKKIFEKVKNLV	0	APD6_pool	train	stage1_train_row736
853	GLPTCGETCFGGTCNTPGCTCDPWPVCTHN	0	APD6_pool	train	stage1_train_row737
854	FLEENITALLEEAQIQQEKNMYELQKLNSWDVFGN	1		train	stage1_train_row738
855	CGTCVRDCWPETGSVRFPFH	1		train	stage1_train_row739
856	LGSSDRDTVVELSEWGVPCV	1		train	stage1_train_row74
857	GLFDIIKKVASVVGGL	0	APD6_pool	train	stage1_train_row740
858	GLLGTLGNLLNGLGL	0	APD6_pool	train	stage1_train_row741
859	GLVDVLGKVGGLIKKLLPG	0	APD6_pool	train	stage1_train_row742
860	RECRIGNGQCKNQCHENEIRIAYCIRPGTHCCLQQ	0	APD6_pool	train	stage1_train_row743
861	GFSSIFRGVAKFASKGLGKDLARLGVNLVACKISKQC	1		train	stage1_train_row744
862	GSASCTIAALGSSDRDTV	1		train	stage1_train_row745
863	WNSLKIDNLDV	1		train	stage1_train_row746
864	LEAIPCSIPPCFLFGKPFVF	1		train	stage1_train_row747
865	GFFALIPKIISSPIFKTLLSAVGSALSSSGGQE	0	APD6_pool	train	stage1_train_row748
866	AIFQSSMTKILEPFR	1		train	stage1_train_row749
867	GIFLKVLGVGKKVLCGVSGLC	0	APD6_pool	train	stage1_train_row75
868	GFFLNALKNFAKTAGKRLKSLLNHASCKLSGQC	0	APD6_pool	train	stage1_train_row750
869	CVVSSGWKWNYKIRCKLTGNC	0	APD6_pool	train	stage1_train_row751
870	FLPLILRKIVTAL	0	APD6_pool	train	stage1_train_row752
871	SPYPMALFPLHN	1		train	stage1_train_row753
872	GIFDVLKNLAKGVITSLAS	0	APD6_pool	train	stage1_train_row754
873	CSSHFPYSQYQFWK	1		train	stage1_train_row755
874	ESVVINCTRPNNNTRRRLSIGPGRAFYARRNIIGDIRQAHCNIS	1		train	stage1_train_row756
875	AAGIQAQAGFGLSDSIQGTGKQKCSFCK	0	APD6_pool	train	stage1_train_row757
876	RQHLLRWGLTTPDKKHQKEP	1		train	stage1_train_row758
877	FLFPLITSFLSKVL	1		train	stage1_train_row759
878	VDKPDYRPRPWPRNMI	0	APD6_pool	train	stage1_train_row76
879	ANDPQCLYGNVAAKF	1		train	stage1_train_row760
880	WLNALLHHGLNCAKGVLA	0	APD6_pool	train	stage1_train_row761
881	APPPGYAMESDSFS	0	APD6_pool	train	stage1_train_row762
882	ILSYLWNGIKSIF	0	APD6_pool	train	stage1_train_row763
883	YPAKPEAPGEDASPEELSRYYASLRHYLNLVTRQRY	0	APD6_pool	train	stage1_train_row764
884	QWTYQIYQEPFKNLKTGKYA	1		train	stage1_train_row765
885	FLTGLIGGLMKALGK	0	APD6_pool	train	stage1_train_row766
886	GIWSDLAEIIKKF	1		train	stage1_train_row767
887	LCDCPNGPWVWVPAFCQAVG	1		train	stage1_train_row768
888	KWKLFKKIEKVGQNIRDGIIKAGPAVAVVGQATQIAK	1		train	stage1_train_row769
889	GILGNIVGMGKKVVCGLSGLC	0	APD6_pool	train	stage1_train_row77
890	VKLEILGSKGGAKI	0	APD6_pool	train	stage1_train_row770
891	FVGAIAAALPHVISAIKNAL	0	APD6_pool	train	stage1_train_row771
892	SWLSKTWKKLENSGKKRIAEGIAIALKGGLR	0	APD6_pool	train	stage1_train_row772
893	SSSGWLCTLTIECGTIICACR	0	APD6_pool	train	stage1_train_row773
894	GEETLKKWEEQTKKLEEKFKKIEENIKKNEEQVKKGEEQLKK	1		train	stage1_train_row774
895	FALGAVTKRLPSLFCLITRKC	0	APD6_pool	train	stage1_train_row775
896	GNTPNVSGANPVDCTMYSNK	1		train	stage1_train_row776
897	RNRPNIPKYIPPPRPPHPRL	0	APD6_pool	train	stage1_train_row777
898	GFGCPFNQGACHRHCRSIRRRGGYCAGLIKQTCTCYRN	0	APD6_pool	train	stage1_train_row778
899	ILGKIWEGIKSIF	0	APD6_pool	train	stage1_train_row779
900	QARQLLSGIVQQQNNLLRAIEAQQHLLQLTVWGIKQLQARILAVERYLKQQ	1		train	stage1_train_row78
901	TLTVQARQLLSGIVQQQNNLLRAIEAQQHLLQLTVWGIKQLQARIL	1		train	stage1_train_row780
902	INWKGIAAMAKKLL	0	APD6_pool	train	stage1_train_row781
903	KCQLKGEAMHGQVDC	1		train	stage1_train_row782
904	FLSLIPHAINAVGVHAKHF	0	APD6_pool	train	stage1_train_row783
905	GFLDTLKNIGKTVGRIALNVLT	0	APD6_pool	train	stage1_train_row784
906	SVLGTVKDLLIGAGKSAAQSVLTANSCKLSNSC	0	APD6_pool	train	stage1_train_row785
907	FDLLGLVKKVASAL	0	APD6_pool	train	stage1_train_row786
908	VDCSPGIWQLDCTHL	1		train	stage1_train_row787
909	KGLSGPCGWWVWSRGSGK	1		train	stage1_train_row788
910	IWLTALKFLGKHAAKHLAKQQLSKL	1		train	stage1_train_row789
911	YALLIRMIYKNI	1		train	stage1_train_row79
912	WMEWDREIEEYTKKIEEYTKKIEEYTKKIWASLWNWF	1		train	stage1_train_row790
913	GILDVAKTLVGKLRNVLGI	0	APD6_pool	train	stage1_train_row791
914	FILPLIASFLSKFL	0	APD6_pool	train	stage1_train_row792
915	IVHVTAKDKGTGKENTIRIQEGSGLSKEDIDRMIKDAEAH	1		train	stage1_train_row793
916	FLPFVGKLLSGLL	0	APD6_pool	train	stage1_train_row794
917	GFFKKAWRKVKHAGRRVLDTAKGVGRHYVNNWLNRYR	0	APD6_pool	train	stage1_train_row795
918	FLPVLGKVIKLVGGLL	0	APD6_pool	train	stage1_train_row796
919	AGERIVDIIATDIQ	1		train	stage1_train_row797
920	VGALAVVVWLWLWLW	0	APD6_pool	train	stage1_train_row798
921	FIGAILPAIAGLVGGLINR	0	APD6_pool	train	stage1_train_row799
922	AALRGCWTKSIPPKPCPGKR	0	APD6_pool	train	stage1_train_row8
923	SQGVVESMNKELKKIIGQVRDQAEHLKTAY	1		train	stage1_train_row80
924	NPGLLETSEGCRQILGQLQPSLQT	1		train	stage1_train_row800
925	FIVPSIFLLKKAFCIALKKNC	0	APD6_pool	train	stage1_train_row801
926	LEAIPCSIPPCVAFNKPFVF	1		train	stage1_train_row802
927	WMEWDREIEALAKAAEALAKAAEALAKAAWASLWNWF	1		train	stage1_train_row803
928	TAYFLLKLAGAW	1		train	stage1_train_row804
929	AGVEAIIRILQQLLF	1		train	stage1_train_row805
930	NVTLLCDCPNGPWVWVPAFC	1		train	stage1_train_row806
931	GKPNRPRPAPIQPRPPHPRL	0	APD6_pool	train	stage1_train_row807
932	HPAGLKKKKSVTVLDVGDAY	1		train	stage1_train_row808
933	DCPNGPWVWVPAFCQAVGWG	1		train	stage1_train_row809
934	MRVLCGRDGRCPKFMCRTFL	0	APD6_pool	train	stage1_train_row81
935	GSQLVYREWVGHSNVIKGPP	0	APD6_pool	train	stage1_train_row810
936	GLLGKVLGVGKKVLCGVSGRC	0	APD6_pool	train	stage1_train_row811
937	DSHAKRHHGYKRKFHEKHHSHRGYR	0	APD6_pool	train	stage1_train_row812
938	APERASSVYTRSTGEQEI	1		train	stage1_train_row813
939	TTWEAWDRAIAEYAARIEALIRASQEQQEKNEAELREL	1		train	stage1_train_row814
940	FLSLLPSIVSGAVSLAKKL	0	APD6_pool	train	stage1_train_row815
941	LEAIPCSIPPCVFFGKPFVF	1		train	stage1_train_row816
942	LIAGLAANFLPQILCKIARKC	0	APD6_pool	train	stage1_train_row817
943	GADFQECMKEHSQKQHQHQG	0	APD6_pool	train	stage1_train_row818
944	RCFRRRGKLTC	0	APD6_pool	train	stage1_train_row819
945	GLLDTFKNMAINAAHGAGVSVLNALSCKLKKTC	0	APD6_pool	train	stage1_train_row82
946	CVISAGWNHKIRCKLTGNC	0	APD6_pool	train	stage1_train_row820
947	HFPRIWLHSLGQHIY	1		train	stage1_train_row821
948	GLLGKVLGVGKKVLCGVTGLC	0	APD6_pool	train	stage1_train_row822
949	AEAMSQVANTATIM	1		train	stage1_train_row823
950	FLQHIIGALSHFF	0	APD6_pool	train	stage1_train_row824
951	KYYGNGVHCTKSGCSVNWGEAASAGIHRLANGGNGF	0	APD6_pool	train	stage1_train_row825
952	QARQLLSQIVQQQNNLLRAIEAQQHLLQ	1		train	stage1_train_row826
953	FIGPIISALASLFG	0	APD6_pool	train	stage1_train_row827
954	GRLQAFLAKMKEIAAQTL	0	APD6_pool	train	stage1_train_row828
955	FFGALIPAVAGAIGGFFRK	0	APD6_pool	train	stage1_train_row829
956	VALTGLTVAEYFR	0	APD6_pool	train	stage1_train_row83
957	FEPIPIHYCAFPGF	1		train	stage1_train_row830
958	SWLSKTYKKLENSAKKRISEGIAIAIQGGPR	0	APD6_pool	train	stage1_train_row831
959	DWTCSKWSCLVCDDCSVELT	0	APD6_pool	train	stage1_train_row832
960	KIPLELWTRYNMTINQTIWN	1		train	stage1_train_row833
961	KTELQAIYLALQDSGLEVNI	1		train	stage1_train_row834
962	FLGGLLASLLGKI	0	APD6_pool	train	stage1_train_row835
963	FCQAVGWGDPITHWSHGQNQ	1		train	stage1_train_row836
964	SGTKMACPSNRGILRNWYNP	1		train	stage1_train_row837
965	FLPLLLAGLPLKLCFLFKKC	0	APD6_pool	train	stage1_train_row838
966	IKKTYEEIKKTYEEIKKTYEEIKKTYEEIERDWEMV	1		train	stage1_train_row839
967	DHYICAKKGGTCNFSPCPLFNRIEGTCYSGKAKCCIR	0	APD6_pool	train	stage1_train_row84
968	SPAIFQSSMTKILEPFRKQN	1		train	stage1_train_row840
969	SGCANNTCYNVSVIVPDYQC	1		train	stage1_train_row841
970	SILPTIVSFLSKFL	0	APD6_pool	train	stage1_train_row842
971	GFGSLFKFLAKKVAKTVAKQAAKQGAKYVANKHME	0	APD6_pool	train	stage1_train_row843
972	KELKKIIGQVRDQAEHLKTA	1		train	stage1_train_row844
973	FIQHLIPLIPHAIQGIKDIF	0	APD6_pool	train	stage1_train_row845
974	FTSISMCTPGCKTGALMTCNYKTATCHCSIKVSK	0	APD6_pool	train	stage1_train_row846
975	GIWDTIKSMGKVFAGKILQNL	0	APD6_pool	train	stage1_train_row847
976	IAEIQKQGQGQWTYQIYQEP	1		train	stage1_train_row848
977	VDKPPYLPRPPPPRRIYNNR	0	APD6_pool	train	stage1_train_row849
978	FLSLIPKIAGGIAALAKHL	0	APD6_pool	train	stage1_train_row85
979	QKKCPGRCTLKCGKHERPTLPYNCGKYICCVPVKVK	0	APD6_pool	train	stage1_train_row850
980	RPKHPIKHQGLPQEVLNENLLRF	1		train	stage1_train_row851
981	ALFSILRGLKKLGNMGQAFVNCKIYKKC	0	APD6_pool	train	stage1_train_row852
982	RIPTGERVWDRGNVTLLCDC	1		train	stage1_train_row853
983	FALGAVTKVLPKLFCLITRKC	0	APD6_pool	train	stage1_train_row854
984	VAKCTEESGGKYFVFCCYKPTRICYMNEQKCESTCIGK	0	APD6_pool	train	stage1_train_row855
985	GTKALTEAIPLTEEAEC	1		train	stage1_train_row856
986	VRQLCKLLRGTKALTEVIPL	1		train	stage1_train_row857
987	FLSTIWNGIKGLL	0	APD6_pool	train	stage1_train_row858
988	GAPKGCWTKSYPPQPCFGKK	0	APD6_pool	train	stage1_train_row859
989	IITGASSGIGKAIAKHFI	0	APD6_pool	train	stage1_train_row86
990	FLFSLIPSAISGLISAFK	0	APD6_pool	train	stage1_train_row860
991	TKPTLLGLPLGAGPAAGPGKR	0	APD6_pool	train	stage1_train_row861
992	LSELDDRADALQAGASQFETSAAKLKRKYWWKN	1		train	stage1_train_row862
993	ELLEELKNEAVRHFP	1		train	stage1_train_row863
994	STRTPEDSNSLGT	1		train	stage1_train_row864
995	HGQVDCSPGIWQLDCTH	1		train	stage1_train_row865
996	FIGALLGPLLNLLK	0	APD6_pool	train	stage1_train_row866
997	FLPFLGKLFSGIF	0	APD6_pool	train	stage1_train_row867
998	YLDRVDTWLQGKINISLCLT	1		train	stage1_train_row868
999	PGIWQLDCTHLEGKI	1		train	stage1_train_row869
1000	TGALKINNLRLVTLEHQVLV	1		train	stage1_train_row87
1001	VNPIILGVLPKFVCLITKKC	0	APD6_pool	train	stage1_train_row870
1002	LRVRRTLQCSCRRVCRNTCSCIRLSRSTYAS	0	APD6_pool	train	stage1_train_row871
1003	FDLLGLVKSVVSAL	0	APD6_pool	train	stage1_train_row872
1004	FLPVILPVIGKLLNGIL	0	APD6_pool	train	stage1_train_row873
1005	KGATYITYVNFLNELRVKTKPEGNSHGIPSLRK	1		train	stage1_train_row874
1006	CLGIGSCNDFAGCGYAVVCFW	1		train	stage1_train_row875
1007	FLPKLFAKITKKNMAHIR	0	APD6_pool	train	stage1_train_row876
1008	KVGSLQYLALAALIT	1		train	stage1_train_row877
1009	YGQSTHAVIYAQGYTYSSDWR	0	APD6_pool	train	stage1_train_row878
1010	KIKWFKTMKSIAKFIAKEQMKKHLGGE	0	APD6_pool	train	stage1_train_row879
1011	GILGKLWEGFKSIV	0	APD6_pool	train	stage1_train_row88
1012	ASHLGHHALDHLLK	0	APD6_pool	train	stage1_train_row880
1013	GVIPCGESCVFIPCISAAIGCSCKNKVCYRN	1		train	stage1_train_row881
1014	LSRDLICLCRNRRCNRGELFYGTCAGPFLRCCRRRR	0	APD6_pool	train	stage1_train_row882
1015	AALKKALTAGGY	0	APD6_pool	train	stage1_train_row883
1016	FLPLVLGALSGILPKIL	0	APD6_pool	train	stage1_train_row884
1017	AVGIGALFLGFLGAAGSTMGARSAMTLTVQRQL	1		train	stage1_train_row885
1018	KISKIGPENPYNTPVFAIKK	1		train	stage1_train_row886
1019	ATPTITTSSATCGGIIVAASAAQCPTLACSSRCGKRKK	0	APD6_pool	train	stage1_train_row887
1020	SNGYRPAYRPAYRPSYRPGK	0	APD6_pool	train	stage1_train_row888
1021	ACWWAGIKQEA	1		train	stage1_train_row889
1022	FAVGLRAIKRALKKLRRGVRKVAKDL	1		train	stage1_train_row89
1023	LFFLLTVPFWAHYA	1		train	stage1_train_row890
1024	RERLKQRQQLFDSQQ	1		train	stage1_train_row891
1025	FLPIVTNLLSGLL	0	APD6_pool	train	stage1_train_row892
1026	GTPGFQTPDARVISRFGFN	0	APD6_pool	train	stage1_train_row893
1027	TGAWIEFGCHRNKSNLHTEA	1		train	stage1_train_row894
1028	QEWERKVDFLEENITALLEEAQIQQEKNMYELQKL	1		train	stage1_train_row895
1029	CIKNGNGCQPNGSQNGCCSGYCHKQPGWVAGYCRRK	0	APD6_pool	train	stage1_train_row896
1030	GIPCGESCVFIPCITSVAGCSCKSKVCYRN	1		train	stage1_train_row897
1031	FFPIVGKLLSGLF	0	APD6_pool	train	stage1_train_row898
1032	GKLQAFLAKMKEIAAQTL	0	APD6_pool	train	stage1_train_row899
1033	FLPIIAGIAAKVFPKIFCAISKKC	0	APD6_pool	train	stage1_train_row9
1034	KGSPAIFQSSMTKIL	1		train	stage1_train_row90
1035	KAFEEVLAKKFYDKALWD	1		train	stage1_train_row900
1036	VFLGAIAQALTSLLGKL	0	APD6_pool	train	stage1_train_row901
1037	GLFDIIKKIAESF	0	APD6_pool	train	stage1_train_row902
1038	PKSSWSDHEASSGV	1		train	stage1_train_row903
1039	LLPILGNLLNGLL	0	APD6_pool	train	stage1_train_row904
1040	GGKPDLRPCHPPCHYIPRPKPR	0	APD6_pool	train	stage1_train_row905
1041	FLPFLAKILTGVL	0	APD6_pool	train	stage1_train_row906
1042	IPFVASVAAEMMQHIFCAASRKC	0	APD6_pool	train	stage1_train_row907
1043	LNLKGLIKKVASLLN	0	APD6_pool	train	stage1_train_row908
1044	FFPLIPGVRCKILRTC	0	APD6_pool	train	stage1_train_row909
1045	TESYFVFSVGM	0	APD6_pool	train	stage1_train_row91
1046	LFCKRGTCHFGRCPSHLIKVGSCFGFRSCCKWPWDA	0	APD6_pool	train	stage1_train_row910
1047	ERKVDFLEENITALLEEAQIQQEKNMYELQKLNSW	1		train	stage1_train_row911
1048	CTFTLPGGGGVCTLTSECIC	0	APD6_pool	train	stage1_train_row912
1049	LEAIPCSIPPCVFFNKPFVF	1		train	stage1_train_row913
1050	AGAGTGATAIGMVTQYHQVL	1		train	stage1_train_row914
1051	GNRPVYIPPPRPPHPRL	0	APD6_pool	train	stage1_train_row915
1052	VMWCYVFGYGFNCAVW	0	APD6_pool	train	stage1_train_row916
1053	ILPWKWPWWPWRR	1		train	stage1_train_row917
1054	TTWEAWDRAIAEYAARIEALIRALQEQQEKNEAALREL	1		train	stage1_train_row918
1055	KRKKHRCRVYNNGMPTGMYRWC	0	APD6_pool	train	stage1_train_row919
1056	IRKAHCNISRAKWND	1		train	stage1_train_row92
1057	CLGIGSCNDFAGCGYAIVCFW	0	APD6_pool	train	stage1_train_row920
1058	ELVNQIIEQLIKKEKVYLAW	1		train	stage1_train_row921
1059	IWLHSLGQHIYETYG	1		train	stage1_train_row922
1060	FAVNPGLLETSEGCRQIL	1		train	stage1_train_row923
1061	VGSASCTIAALGSSDRDTVV	1		train	stage1_train_row924
1062	KWLDAFYKDVAKELEKAF	1		train	stage1_train_row925
1063	VGALAVVVWLFLWLW	0	APD6_pool	train	stage1_train_row926
1064	MRKEFHNVLSSGQLLADKRPARDYNRK	0	APD6_pool	train	stage1_train_row927
1065	DHILEPSIPWKSKLLTLVQL	1		train	stage1_train_row928
1066	VPVGSASCTIAALGSSDR	1		train	stage1_train_row929
1067	RWNKPQKTKGHRGSH	1		train	stage1_train_row93
1068	FFGRLKAVFRGARQGWKEHRY	0	APD6_pool	train	stage1_train_row930
1069	FNMTKAVEMVNIAGNWSCTS	1		train	stage1_train_row931
1070	SLGQHIYETYGDTWA	1		train	stage1_train_row932
1071	YQLLIRMIYKNA	1		train	stage1_train_row933
1072	VIPIVSGLLSSLL	0	APD6_pool	train	stage1_train_row934
1073	IRILQQLLFIHFRIG	1		train	stage1_train_row935
1074	MLCPSYRRCPRVPP	0	APD6_pool	train	stage1_train_row936
1075	RKCVRVQLIKNGKKITAF	0	APD6_pool	train	stage1_train_row937
1076	VDGIPVGWDADARAPA	1		train	stage1_train_row938
1077	VTCDLLSFKGQVNDSACAANCLSLGKAGGHCEKVGCICRKTSFKDLWDKRF	0	APD6_pool	train	stage1_train_row939
1078	AATLEEMMTACQGVGGPGHKARVLA	1		train	stage1_train_row94
1079	GFVDLAKKVVGGIRNALGI	0	APD6_pool	train	stage1_train_row940
1080	KGLSGPWCRWWLV	1		train	stage1_train_row941
1081	GKPNKPRPAPIKPRPPHPRL	0	APD6_pool	train	stage1_train_row942
1082	VPAHKGIGGNEQVDKLVSAG	1		train	stage1_train_row943
1083	GSKKPVPIIYCNRRTGKCQRM	0	APD6_pool	train	stage1_train_row944
1084	QETAYFLLKLAGRWP	1		train	stage1_train_row945
1085	ASWWAGIKQEF	1		train	stage1_train_row946
1086	VSGPAGPPGTH	0	APD6_pool	train	stage1_train_row947
1087	LEAIPCSIPPCFAFNKPFVF	1		train	stage1_train_row948
1088	GFGCPLDQMQCHRHCQTITGRSGGYCSGPLKLTCTCYR	0	APD6_pool	train	stage1_train_row949
1089	KIPCGESCVWIPCLTSVFNCKCENKVCYHD	1		train	stage1_train_row95
1090	VKSGHYKGPCYHDENCNGVCRDEGYKSGHCSRWGGACWCDT	0	APD6_pool	train	stage1_train_row950
1091	ILGKIWEGIKSLF	0	APD6_pool	train	stage1_train_row951
1092	ESELVSQIIEQLIKK	1		train	stage1_train_row952
1093	RINNIPWSEAMM	1		train	stage1_train_row953
1094	GCSRWIIGIHGQICRD	0	APD6_pool	train	stage1_train_row954
1095	LGCNQNQFFCKIPLELWTRY	1		train	stage1_train_row955
1096	TCESPSHKFKGPCATNRNCES	0	APD6_pool	train	stage1_train_row956
1097	WEEWDRKIEEYTKKIKKLIEESQEQQEKNEKELK	1		train	stage1_train_row957
1098	GILKKFMLHRGTKVYKMRTLSKRSH	0	APD6_pool	train	stage1_train_row958
1099	KIPCGESCVWIPCVTSIFNCKCKENKVCYHD	1		train	stage1_train_row959
1100	NILNTIINLAKKIL	0	APD6_pool	train	stage1_train_row96
1101	EICTEMEKEGKISKIGPENP	1		train	stage1_train_row960
1102	SVTKLTEDRWNKPQK	1		train	stage1_train_row961
1103	FFHHIFRGIVHVGKTIHRLVTG	1		train	stage1_train_row962
1104	RSMRLSFRARGYGFR	0	APD6_pool	train	stage1_train_row963
1105	KYKLKHIVWASREL	1		train	stage1_train_row964
1106	WNSLKIANLAV	1		train	stage1_train_row965
1107	AALRGCWTKSIPPKPCSGKR	0	APD6_pool	train	stage1_train_row966
1108	HTGERDWHLGQGVSI	1		train	stage1_train_row967
1109	ALSILRGLEKLAKMGIALTNCKATKKC	0	APD6_pool	train	stage1_train_row968
1110	QWGRRCCGWGPGRRYCVRWC	0	APD6_pool	train	stage1_train_row969
1111	GLPVCGETCFTGTCYTNGCTCDPWPVCTRN	1		train	stage1_train_row97
1112	VSKIKKYLKYKDRI	0	APD6_pool	train	stage1_train_row970
1113	KRGFGKKLRKRLKKFRNSIKKRLKNFNVVIPIPLPG	0	APD6_pool	train	stage1_train_row971
1114	FLPIVAKLLSGLL	0	APD6_pool	train	stage1_train_row972
1115	YQLAIRMIYKNI	1		train	stage1_train_row973
1116	SNASVWECCSTGSWVPFTCC	0	APD6_pool	train	stage1_train_row974
1117	GFGCPFDQGACHRHCQSIGRRGGYCAGIIKQTCTCYHN	0	APD6_pool	train	stage1_train_row975
1118	NMTINQTIWNHGNITLGEWY	1		train	stage1_train_row976
1119	ASSGWVCTLTIECGTVICACR	0	APD6_pool	train	stage1_train_row977
1120	KQLSYCTDPLQIPLINYTFG	1		train	stage1_train_row978
1121	QLYENKPRRPYIL	0	APD6_pool	train	stage1_train_row979
1122	FISAIASMLGKFL	0	APD6_pool	train	stage1_train_row98
1123	GQHRTKIEELRQHLLRWGLT	1		train	stage1_train_row980
1124	RDWHLGQGVSIEWRK	1		train	stage1_train_row981
1125	KGLSGPESRWWVV	1		train	stage1_train_row982
1126	VESMNEELKKIIAQVRAQAEHLKTAY	1		train	stage1_train_row983
1127	FLSSIGKILGNLL	0	APD6_pool	train	stage1_train_row984
1128	TKGPGRVIYATGQ	1		train	stage1_train_row985
1129	KSLRPRCWIKIKFRCKSLKF	0	APD6_pool	train	stage1_train_row986
1130	GTKAATEVIPLTC	1		train	stage1_train_row987
1131	SPKKTKPVKPKKVA	0	APD6_pool	train	stage1_train_row988
1132	TTWEEWDREINEYTSRIESLIRESQEQQEKNEQELREL	1		train	stage1_train_row989
1133	FLPIIAKVLSGLL	0	APD6_pool	train	stage1_train_row99
1134	SLGVTLGAAGVYTATQTIATQIWKCGAVLTTSAECSRTGNSC	0	APD6_pool	train	stage1_train_row990
1135	AVGIGALFLGFLGAAGSTMGARSMTLTVQARQL	1		train	stage1_train_row991
1136	DWHLGQGVSIEWRKK	1		train	stage1_train_row992
1137	LKAKTNISIREGPTLGNWAR	1		train	stage1_train_row993
1138	WMEWDREIEEAAKKLEEAAKKLEEAAKKLWASLWNWF	1		train	stage1_train_row994
1139	FLSLIPKIATGIAALAKHL	0	APD6_pool	train	stage1_train_row995
1140	GVVDILKGAGKDLLAHLVGKISEKV	0	APD6_pool	train	stage1_train_row996
1141	VGRFRRLRKKTRKRLKKIGKVLKWIPPIVGSIPLGCG	0	APD6_pool	train	stage1_train_row997
1142	FFGHLFKLATKIIPSLFQ	0	APD6_pool	train	stage1_train_row998
1143	AATAKKGAKKADAPAKPKKATKPKSPKKAAKKAGAKKGVKRAGKKGAKKTTKAKK	0	APD6_pool	train	stage1_train_row999
