Sequence	VIP	VEIP	VINIP	MAP	PIP	RTIP	SFIP	n_labels	source_dbs	cluster80_id	seq_id	cluster40_id	split40
AAANPGLLETSEGCRQIL	0	0	0	1	0	0	0	1	HIPdb	Cluster_1508	S000001	C40_000356	test_hom40
AATLEEMMTACQGVGGPGHKARVLA	0	0	0	1	0	0	0	1	HIPdb	Cluster_1509	S000004	C40_000407	valid
AAWWAGIKQEF	0	0	1	0	0	0	0	1	HIPdb	Cluster_3068	S000005	C40_000324	train
ACAWAGIKQEF	0	0	1	0	0	0	0	1	HIPdb	Cluster_3068	S000007	C40_000129	train
ACGWAGIKQEF	0	0	1	0	0	0	0	1	HIPdb	Cluster_3068	S000008	C40_000142	valid
ACWAAGIKQEF	0	0	1	0	0	0	0	1	HIPdb	Cluster_3068	S000009	C40_000161	train
ACWGAGIKQEF	0	0	1	0	0	0	0	1	HIPdb	Cluster_3068	S000010	C40_000234	train
ACWWAAIKQEF	0	0	1	0	0	0	0	1	HIPdb	Cluster_3069	S000011	C40_000247	train
ACWWAGAKQEF	0	0	1	0	0	0	0	1	HIPdb	Cluster_3070	S000012	C40_000263	valid
ACWWAGIAQEF	0	0	1	0	0	0	0	1	HIPdb	Cluster_3070	S000013	C40_000281	test_hom40
ACWWAGIKAEF	0	0	1	0	0	0	0	1	HIPdb	Cluster_3070	S000014	C40_000295	train
ACWWAGIKQAF	0	0	1	0	0	0	0	1	HIPdb	Cluster_3070	S000015	C40_000309	train
ACWWAGIKQEA	0	0	1	0	0	0	0	1	HIPdb	Cluster_3070	S000016	C40_000355	train
ACWWAGIKQEF	0	0	1	0	0	0	0	1	HIPdb	Cluster_3069	S000017	C40_000355	train
ACWWAGIRQEF	0	0	1	0	0	0	0	1	HIPdb	Cluster_3070	S000018	C40_000355	train
AEAMSQVANTATIM	0	0	0	0	1	0	0	1	HIPdb	Cluster_1851	S000021	C40_000014	test_hom40
AEAMSQVTNTATIM	0	0	0	0	1	0	0	1	HIPdb	Cluster_1851	S000022	C40_000014	test_hom40
AEGIGALFLGFLGAAGSTMGARSMTLTVQARQL	0	1	0	0	0	0	0	1	HIPdb	Cluster_1027	S000024	C40_000453	train
AEPERRNIKYL	0	0	1	0	0	0	0	1	HIPdb	Cluster_1083	S000025	C40_000469	train
AGAGTGATAIGMVTQYHQVL	0	0	0	0	0	0	1	1	AVPdb	Cluster_1897	S000026	C40_000486	train
AGERIVDIIATDIQ	0	0	1	0	0	0	0	1	HIPdb	Cluster_2733	S000027	C40_000169	train
AGHNKVGSLQYLALA	1	0	0	0	0	0	0	1	HIPdb	Cluster_2495	S000028	C40_000183	train
AGVEAIIRILQQLLF	0	0	1	0	0	0	0	1	HIPdb	Cluster_2496	S000029	C40_000078	train
AIFQSSMTKILEPFR	0	0	1	0	0	0	0	1	HIPdb	Cluster_2076	S000030	C40_000213	train
ALAALITPKKIKPPL	1	0	0	0	0	0	0	1	HIPdb	Cluster_2500	S000031	C40_000225	test_hom40
ALGPAATLEEMMTACAAA	0	0	0	1	0	0	0	1	HIPdb	Cluster_1510	S000035	C40_000392	train
ALGPAATLEEMMTACQGV	0	0	0	1	0	0	0	1	HIPdb	Cluster_1510	S000036	C40_000408	train
ANGSRIPTGERVWDRGNVTL	0	1	0	0	0	0	0	1	HIPdb	Cluster_1900	S000038	C40_000123	valid
ANPDCKTILKALGPAATLEEMMTAC	0	0	0	1	0	0	0	1	HIPdb	Cluster_1510	S000039	C40_000130	valid
ANRETKLGKAGYVTNRGRQK	0	0	1	0	0	0	0	1	HIPdb	Cluster_1901	S000040	C40_000143	test_hom40
APEDIGFCLEGGCLVALG	0	1	0	0	0	0	0	1	HIPdb	Cluster_2218	S000041	C40_000071	train
APERASSVYTRSTGEQEI	0	1	0	0	0	0	0	1	HIPdb	Cluster_2219	S000042	C40_000235	train
APKEWMAWAREIAAYAKLIAALI	0	1	0	0	0	0	0	1	HIPdb	Cluster_1407	S000043	C40_000248	train
APKEWMAWAREIAAYAKLIAALIKQGI	0	1	0	0	0	0	0	1	HIPdb	Cluster_1407	S000044	C40_000248	train
APKEWMEWDREINNYTSLIHSLIKQGI	0	1	0	0	0	0	0	1	HIPdb	Cluster_1408	S000045	C40_000282	train
ASWWAGIKQEF	0	0	1	0	0	0	0	1	HIPdb	Cluster_3068	S000048	C40_000324	train
ATGQETAYFLLKLAGKA	0	0	1	0	0	0	0	1	HIPdb	Cluster_2347	S000049	C40_000000	train
ATGQETAYFLLKLALKA	0	0	1	0	0	0	0	1	HIPdb	Cluster_2347	S000050	C40_000000	train
ATHQEAIEKVTGALKINNLR	0	0	0	0	0	0	1	1	AVPdb	Cluster_882	S000051	C40_000015	test_hom40
ATHQETIEKVTEALKINNLRLVTLEHQVLVIGLKVE	0	1	0	0	0	0	0	1	AVPdb	Cluster_882	S000052	C40_000030	train
ATKALTEVIPLTEEAEC	0	0	0	0	0	1	0	1	HIPdb	Cluster_2091	S000053	C40_000448	test_hom40
AVGIGALFLGFLGAAGSTMGARSAMTLTVQRQL	0	1	0	0	0	0	0	1	HIPdb	Cluster_1027	S000054	C40_000453	train
AVGIGALFLGFLGAAGSTMGARSMTLTVQARQL	0	1	0	0	0	0	0	1	HIPdb	Cluster_1027	S000055	C40_000453	train
AVGIGAMFLGFLGAAGSTMGAAS	0	1	0	0	0	0	0	1	HIPdb	Cluster_1027	S000056	C40_000454	test_hom40
AWVPAHKGIGGNEQ	0	0	1	0	0	0	0	1	HIPdb	Cluster_2111	S000057	C40_000470	valid
CCFLNITNSHVSILQERPPLENRVLTGWGL	0	1	0	0	0	0	0	1	AVPdb	Cluster_1217	S000058	C40_000487	train
CDGGIKKEIEAIKKEQEAIKKKIEAIEKLLQLTVWGIKQLQARIL	0	1	0	0	0	0	0	1	HIPdb	Cluster_360	S000059	C40_000176	test_hom40
CFLNITNSHVSILQEAPPLENAV	0	1	0	0	0	0	0	1	AVPdb	Cluster_1217	S000061	C40_000198	train
CFLNITNSHVSILQEAPPLENRV	0	1	0	0	0	0	0	1	AVPdb	Cluster_1217	S000062	C40_000198	train
CFLNITNSHVSILQERPPLENRV	0	1	0	0	0	0	0	1	AVPdb	Cluster_1217	S000063	C40_000198	train
CGTCVRDCWPETGSVRFPFH	0	1	0	0	0	0	0	1	HIPdb	Cluster_1904	S000064	C40_000083	valid
CNCTNSSSSYSGTKMACPSNRG	0	0	0	0	0	0	1	1	AVPdb	Cluster_1762	S000069	C40_000425	valid
CNSTKNLTFAMRSSGDYGEV	0	0	0	0	0	0	1	1	AVPdb	Cluster_1905	S000070	C40_000110	train
CRANGSRIPTGERVWDRGNV	0	1	0	0	0	0	0	1	HIPdb	Cluster_1900	S000072	C40_000236	train
CRFPNITNSHVPILQERPPLENRVLTGWGL	0	1	0	0	0	0	0	1	AVPdb	Cluster_1217	S000073	C40_000487	train
CSCRANGSRIPTGERVWDRG	0	1	0	0	0	0	0	1	HIPdb	Cluster_1900	S000074	C40_000236	train
CSSHFPYSQYQFWK	0	1	0	0	0	0	0	1	HIPdb	Cluster_1690	S000075	C40_000249	train
CTEMEKEGKISKIGP	0	0	0	0	0	0	1	1	HIPdb	Cluster_1918	S000076	C40_000264	train
CTLNFPISPIETVPVKLKPG	0	0	1	0	0	0	0	1	HIPdb	Cluster_1908	S000077	C40_000283	valid
CTRPNNNTRKSIRIQRGPGRAFVTIGKIGNMRQAHC	0	1	0	0	0	0	0	1	HIPdb	Cluster_612	S000078	C40_000144	train
CTSDLPSSWGYMNCNCTNSSSS	0	0	0	0	0	0	1	1	AVPdb	Cluster_1763	S000079	C40_000311	train
DCFSESAIRKAILGH	1	0	0	0	0	0	0	1	HIPdb	Cluster_2522	S000080	C40_000325	train
DCPNGPWVWVPAFCQAVGWG	0	1	0	0	0	0	0	1	HIPdb	Cluster_1910	S000081	C40_000149	train
DFLEENITALLEEAQIQQEKNMYELQKLNSWDVFG	0	1	0	0	0	0	0	1	AVPdb;HIPdb	Cluster_933	S000082	C40_000368	train
DFWEVQLGIPHPAGLKKKKS	0	0	1	0	0	0	0	1	HIPdb	Cluster_1911	S000083	C40_000016	valid
DGFIHVQGHLQEVDAGNF	0	1	0	0	0	0	0	1	HIPdb	Cluster_2224	S000084	C40_000165	train
DHILEPSIPWKSKLLTLVQL	0	1	0	0	0	0	0	1	AVPdb	Cluster_1912	S000085	C40_000045	train
DIQKLVGKLNWASQIYPGIK	0	0	1	0	0	0	0	1	HIPdb	Cluster_1913	S000086	C40_000059	train
DLADQLIHLYYFDCF	1	0	0	0	0	0	0	1	HIPdb	Cluster_2527	S000087	C40_000436	train
DLEAVPFVNRTTPFTIRGPL	0	1	0	0	0	0	0	1	HIPdb	Cluster_1914	S000088	C40_000455	valid
DLYVGSDLEIGQHRTKIEEL	0	0	1	0	0	0	0	1	HIPdb	Cluster_1915	S000089	C40_000471	valid
DQAEHLKTAVQMAVFIHNYKA	0	0	1	0	0	0	0	1	HIPdb	Cluster_1832	S000090	C40_000475	train
DTVVELSEWGVPCATCIL	0	1	0	0	0	0	0	1	HIPdb	Cluster_2225	S000092	C40_000192	train
DVKQLTEAVQKITTESI	0	0	0	0	0	1	0	1	HIPdb	Cluster_2004	S000093	C40_000199	valid
DWHLGQGVSIEWRKK	0	0	0	0	1	0	0	1	HIPdb	Cluster_2533	S000094	C40_000214	valid
DWLKAFYDKVAEKLKEAF	0	0	0	0	0	0	1	1	HIPdb	Cluster_2226	S000095	C40_000064	train
EALAKAAEALAKAAEALAKAAEALAKAAWASLWNWF	0	1	0	0	0	0	0	1	HIPdb	Cluster_875	S000096	C40_000093	valid
EAVRHFPRIWLHSLG	0	0	1	0	0	1	0	2	HIPdb	Cluster_2536	S000097	C40_000359	train
EEAAKKLEEAAKKLEEAAKKLEEAAKKLWASLWNWF	0	1	0	0	0	0	0	1	HIPdb	Cluster_876	S000098	C40_000390	train
EEYTKKIEEYTKKIEEYTKKIEEYTKKIWASLWNWF	0	1	0	0	0	0	0	1	HIPdb	Cluster_877	S000101	C40_000128	train
EGPTLGNWAREIWATLFKKA	0	0	0	0	0	0	1	1	AVPdb	Cluster_1916	S000102	C40_000111	train
EICTEMEKEGKISKIGPENP	0	0	1	0	0	0	0	1	HIPdb	Cluster_1918	S000103	C40_000131	train
EINCTRPNNNTRKSIHIGPGRAFYTTGEIIGDIRQAHCNIS	0	1	0	0	0	0	0	1	HIPdb	Cluster_612	S000104	C40_000144	train
EINCTRPNNNTRKSIRIQRGPGRAFVTIGKIGNMRQAHCNIS	0	1	0	0	0	0	0	1	HIPdb	Cluster_612	S000105	C40_000144	train
EIWATLFKKATRQCRRGRIW	0	0	0	0	0	0	1	1	AVPdb	Cluster_1919	S000107	C40_000250	valid
ELELAENREILK	0	0	0	0	0	0	1	1	HIPdb	Cluster_2086	S000108	C40_000265	train
ELLEELKNEAVRHFP	0	0	1	0	0	1	0	2	HIPdb	Cluster_2541	S000110	C40_000297	train
ELSEWGVPCVTCILDRRPAS	0	1	0	0	0	0	0	1	HIPdb	Cluster_1920	S000111	C40_000312	train
ELVNQIIEQLIKKEKVYLAW	0	0	1	0	0	0	0	1	HIPdb	Cluster_1921	S000112	C40_000326	valid
EPYNEWTLELLEELK	0	0	1	0	0	1	0	2	HIPdb	Cluster_2543	S000113	C40_000342	valid
EQIWNNMTWMEWDREINNYTSLIHSLIEESQNQQEK	0	1	0	0	0	0	0	1	HIPdb	Cluster_889	S000114	C40_000397	train
EQVDKLVSAGIRKVLFLDGI	0	0	1	0	0	0	0	1	HIPdb	Cluster_1922	S000115	C40_000017	valid
ERKVDFLEENITALLEEAQIQQEKNMYELQKLNSW	0	1	0	0	0	0	0	1	AVPdb;HIPdb	Cluster_933	S000116	C40_000368	train
ESELVSQIIEQLIKK	0	0	1	0	0	0	0	1	HIPdb	Cluster_1921	S000118	C40_000060	valid
ESTHPRISSEVHIPL	1	0	0	0	0	0	0	1	HIPdb	Cluster_925	S000120	C40_000456	valid
ESVKITCARPYQNTRQRTPIGLGQSLYTTRSRSIIGQAHCNIS	0	1	0	0	0	0	0	1	HIPdb	Cluster_573	S000121	C40_000472	train
ESVVINCTRPNNNTRRRLSIGPGRAFYARRNIIGDIRQAHCNIS	0	1	0	0	0	0	0	1	HIPdb	Cluster_540	S000122	C40_000144	train
ETGSVRFPFHRCGTGPRLTK	0	1	0	0	0	0	0	1	HIPdb	Cluster_1924	S000123	C40_000170	train
ETVPVKLKPGMDGPKVKQWP	0	0	1	0	0	0	0	1	HIPdb	Cluster_1925	S000124	C40_000185	train
ETWETWWTEYWQATWIPEWE	0	0	1	0	0	0	0	1	HIPdb	Cluster_1926	S000125	C40_000200	valid
EWERKVDFLEENITALLEEAQIQQEKNMYELQKLN	0	1	0	0	0	0	0	1	AVPdb;HIPdb	Cluster_933	S000130	C40_000368	train
EWRKKRYSTQV	0	0	0	0	1	0	0	1	HIPdb	Cluster_3072	S000131	C40_000410	train
EWRKKRYSTQW	0	0	0	0	1	0	0	1	HIPdb	Cluster_3072	S000132	C40_000410	train
FAVNPGLLEAAAGCRQIL	0	0	0	1	0	0	0	1	HIPdb	Cluster_1508	S000134	C40_000112	valid
FAVNPGLLETSEAAAQIL	0	0	0	1	0	0	0	1	HIPdb	Cluster_1508	S000135	C40_000132	test_hom40
FAVNPGLLETSEGCRAAA	0	0	0	1	0	0	0	1	HIPdb	Cluster_1508	S000136	C40_000145	train
FAVNPGLLETSEGCRQIL	0	0	0	1	0	0	0	1	HIPdb	Cluster_1508	S000137	C40_000162	train
FCLEGGCLVALGCTICTD	0	1	0	0	0	0	0	1	HIPdb	Cluster_2228	S000138	C40_000237	train
FCQAVGWGDPITHWSHGQNQ	0	1	0	0	0	0	0	1	HIPdb	Cluster_1928	S000139	C40_000109	valid
FDSQQGWFEGWFNRS	0	1	0	0	0	0	0	1	AVPdb	Cluster_531	S000140	C40_000266	train
FEPIPIHYCAFPGF	0	0	0	0	0	0	1	1	HIPdb	Cluster_2750	S000141	C40_000285	train
FFIILLTIDRYLAVV	0	1	0	0	0	0	0	1	HIPdb	Cluster_2552	S000142	C40_000298	test_hom40
FHCQRTQSQPGSWFRAISSWKQ	0	0	0	0	0	0	1	1	AVPdb	Cluster_1775	S000143	C40_000313	valid
FHRCGAGPKLTKDLEAVP	0	1	0	0	0	0	0	1	HIPdb	Cluster_2229	S000144	C40_000327	train
FKLPIQKETWETWWTEYWE	0	0	0	0	0	1	0	1	HIPdb	Cluster_2097	S000146	C40_000001	train
FLEENITALLEEAQIQQEKNMYELQKLNSWDVFGN	0	1	0	0	0	0	0	1	AVPdb;HIPdb	Cluster_933	S000147	C40_000373	test_hom40
FNMTKAVEMVNIAGNWSCTS	0	0	0	0	0	0	1	1	AVPdb	Cluster_1944	S000150	C40_000061	valid
FSVPLDEDFRKYTAFTIPSI	0	0	1	0	0	0	0	1	HIPdb	Cluster_1946	S000152	C40_000457	train
FWNWLSAWIKKTYEEIKKTYEEIKKTYEEIERDWEMV	0	1	0	0	0	0	0	1	HIPdb	Cluster_807	S000153	C40_000473	valid
GAETFYVDGAANRETKLGKA	0	0	1	0	0	0	0	1	HIPdb	Cluster_1949	S000154	C40_000488	valid
GAKALTEVIPLTEEAEC	0	0	0	0	0	1	0	1	HIPdb	Cluster_2091	S000155	C40_000448	test_hom40
GAKTETLVIPETELEAC	0	0	0	0	0	1	0	1	HIPdb	Cluster_2367	S000156	C40_000186	valid
GEETLKKWEEQTKKLEEKFKKIEENIKKNEEQVKKGEEQLKK	0	1	0	0	0	0	0	1	AVPdb	Cluster_614	S000159	C40_000066	train
GERVWDRGNVTLLCDCPNGP	0	1	0	0	0	0	0	1	HIPdb	Cluster_1953	S000160	C40_000123	valid
GFSSIFRGVAKFASKGLGKDLARLGVNLVACKISKQC	0	1	0	0	0	0	0	1	HIPdb	Cluster_819	S000161	C40_000361	test_hom40
GHKARVLAEAMSQVTNPATIM	0	0	0	1	0	0	0	1	HIPdb	Cluster_1851	S000163	C40_000394	train
GKINISLCLTGGKMLYNKVT	0	0	0	0	0	0	1	1	AVPdb	Cluster_1956	S000166	C40_000113	train
GKKYRRFRWKFKFGKWFWFG	0	1	0	0	0	0	0	1	HIPdb	Cluster_1957	S000167	C40_000215	train
GLFPKFNKKKVKTGIFDIIKTVGKEAGMDVLRTGIDVIGCKIKGEC	0	1	0	0	0	0	0	1	HIPdb	Cluster_486	S000168	C40_000146	valid
GLMDTVKNVAKNLAGHMLDKLKCKITGC	0	1	0	0	0	0	0	1	HIPdb	Cluster_1290	S000170	C40_000238	train
GLVRDNMAKLRERLK	0	1	0	0	0	0	0	1	AVPdb	Cluster_531	S000172	C40_000267	train
GMVTQYHQVLATHQEAIEKV	0	0	0	0	0	0	1	1	AVPdb	Cluster_1965	S000173	C40_000286	valid
GNQGRGNPVRSPLGFGSYTM	0	1	0	0	0	0	0	1	HIPdb	Cluster_1967	S000174	C40_000299	valid
GNTPNVSGANPVDCTMYSNK	0	0	0	0	0	0	1	1	AVPdb	Cluster_1969	S000175	C40_000314	train
GPQREPYNEWTLELL	0	0	1	0	0	1	0	2	HIPdb	Cluster_2573	S000177	C40_000344	train
GPWVWVPAFCQAVGWGDPIT	0	1	0	0	0	0	0	1	HIPdb	Cluster_1910	S000178	C40_000109	valid
GQHRTKIEELRQHLLRWGLT	0	0	1	0	0	0	0	1	HIPdb	Cluster_1970	S000179	C40_000018	valid
GRPDGFIHVQGHLQEVDA	0	1	0	0	0	0	0	1	HIPdb	Cluster_2023	S000180	C40_000032	train
GRWPVKTIHTDNGSNFTGAT	0	0	0	0	0	1	0	1	HIPdb	Cluster_1971	S000181	C40_000047	train
GSASCTIAALGSSDRDTV	0	1	0	0	0	0	0	1	HIPdb	Cluster_2107	S000182	C40_000127	test_hom40
GSDTSLIDTCGNTPNVSGAN	0	0	0	0	0	0	1	1	AVPdb	Cluster_1972	S000183	C40_000438	test_hom40
GSRIPTGERVWDRGNVTLLC	0	1	0	0	0	0	0	1	HIPdb	Cluster_1900	S000184	C40_000123	valid
GSWFRAISSWKQRNRWEWRPDF	0	0	0	0	0	0	1	1	AVPdb	Cluster_1792	S000185	C40_000474	train
GTAALTEVIPLTEEAEC	0	0	0	0	0	1	0	1	HIPdb	Cluster_2091	S000186	C40_000448	test_hom40
GTKAATEVIPLTC	0	0	0	0	0	1	0	1	HIPdb	Cluster_2895	S000188	C40_000187	train
GTKAATEVIPLTEEAEC	0	0	0	0	0	1	0	1	HIPdb	Cluster_2091	S000189	C40_000448	test_hom40
GTKALAEVIPLTEEAEC	0	0	0	0	0	1	0	1	HIPdb	Cluster_2091	S000190	C40_000448	test_hom40
GTKALTAVIPLTEEAEC	0	0	0	0	0	1	0	1	HIPdb	Cluster_2091	S000191	C40_000067	train
GTKALTEAIPLTEEAEC	0	0	0	0	0	1	0	1	HIPdb	Cluster_2091	S000192	C40_000084	train
GTKALTEVAPLTEEAEC	0	0	0	0	0	1	0	1	HIPdb	Cluster_2091	S000193	C40_000362	test_hom40
GTKALTEVIALTEEAEC	0	0	0	0	0	1	0	1	HIPdb	Cluster_2091	S000194	C40_000379	test_hom40
GTKALTEVIPATEEAEC	0	0	0	0	0	1	0	1	HIPdb	Cluster_2091	S000195	C40_000395	train
GTKALTEVIPLAEEAEC	0	0	0	0	0	1	0	1	HIPdb	Cluster_2091	S000196	C40_000448	test_hom40
GTKALTEVIPLTAEAEC	0	0	0	0	0	1	0	1	HIPdb	Cluster_2091	S000197	C40_000448	test_hom40
GTKALTEVIPLTC	0	0	0	0	0	1	0	1	HIPdb	Cluster_2091	S000198	C40_000114	train
GTKALTEVIPLTEAAEC	0	0	0	0	0	1	0	1	HIPdb	Cluster_2091	S000199	C40_000448	test_hom40
GTKALTEVIPLTEEAEC	0	0	0	0	0	1	0	1	HIPdb	Cluster_2091	S000200	C40_000448	test_hom40
GTKAWTEVWPLC	0	0	0	0	0	1	0	1	HIPdb	Cluster_2998	S000201	C40_000164	valid
GTKGLTEVIPLTEEAEC	0	0	0	0	0	1	0	1	HIPdb	Cluster_2091	S000202	C40_000448	test_hom40
GTKWLTEVWPLC	0	0	0	0	0	1	0	1	HIPdb	Cluster_2998	S000204	C40_000268	train
GVLLLILCLPTLVDCIRNCI	0	0	0	0	0	0	1	1	AVPdb	Cluster_1974	S000208	C40_000329	valid
GVYYDPSKDLIAEIQKQGQG	0	0	1	0	0	0	0	1	HIPdb	Cluster_1975	S000209	C40_000345	train
GWFEGWFNRSPWFTT	0	1	0	0	0	0	0	1	AVPdb	Cluster_531	S000210	C40_000002	train
HFPRIWLHSLGQHIY	0	0	1	0	0	0	0	1	HIPdb	Cluster_2585	S000213	C40_000048	train
HGNITLGEWYNQTKDLQQKF	0	0	0	0	0	0	1	1	AVPdb	Cluster_1979	S000214	C40_000062	train
HGQVDCSPGIWQLDCTH	0	0	1	0	0	0	0	1	HIPdb	Cluster_1997	S000215	C40_000211	train
HLKTAVQMAVFIHNFKR	0	0	1	0	0	0	0	1	HIPdb	Cluster_1832	S000217	C40_000475	train
HPAGLKKKKSVTVLDVGDAY	0	0	1	0	0	0	0	1	HIPdb	Cluster_1981	S000218	C40_000489	train
HTGERDWHLGQGVSI	1	0	0	0	0	0	0	1	HIPdb	Cluster_2586	S000220	C40_000188	train
HVMLALATVLSIAGAGTGATAI	0	0	0	0	0	0	1	1	AVPdb	Cluster_1796	S000221	C40_000202	train
HWSHGQNQWPLSCPQYVYGS	0	1	0	0	0	0	0	1	HIPdb	Cluster_1982	S000222	C40_000216	train
IAEIQKQGQGQWTYQIYQEP	0	0	1	0	0	0	0	1	HIPdb	Cluster_1983	S000223	C40_000243	train
IEQLIKKEKVYLAWV	0	0	1	0	0	0	0	1	HIPdb	Cluster_1921	S000226	C40_000380	train
IFWDCWAPEEPACQDFLGAMIH	0	0	0	0	0	0	1	1	AVPdb	Cluster_1798	S000227	C40_000396	test_hom40
IGLKVEAMEKFLYTAFAMQE	0	0	0	0	0	0	1	1	AVPdb	Cluster_1985	S000229	C40_000098	train
IGNIPQYLKGLLGGILGIGL	0	0	0	0	0	0	1	1	AVPdb	Cluster_1986	S000230	C40_000115	train
IHAEIKNSLKIDNLDVNRCIEAL	0	0	1	0	0	0	0	1	HIPdb	Cluster_1598	S000231	C40_000133	train
IHVQGHLQEVDAGNFIPP	0	1	0	0	0	0	0	1	HIPdb	Cluster_2224	S000233	C40_000165	train
IIRILQQLLFIHFRI	0	0	1	0	0	0	0	1	HIPdb	Cluster_2595	S000234	C40_000078	train
IKKEIEAIKKEQEAIKKKIEAIEKEIEAQQHLLQLTVWGIKQLQARILAVERY	0	1	0	0	0	0	0	1	HIPdb	Cluster_360	S000235	C40_000176	test_hom40
IKKEIEAIKKEQEAIKKKIEAIEKEISGIVQQQNNLLRAIEAQQHLLQLTVWGIKQLQARIL	0	1	0	0	0	0	0	1	HIPdb	Cluster_277	S000236	C40_000269	train
IKKEKVYLAWVPAHK	0	0	1	0	0	0	0	1	HIPdb	Cluster_2189	S000237	C40_000288	train
IKKEKVYLAWVPAHKGIGN	0	0	1	0	0	0	0	1	HIPdb	Cluster_2189	S000238	C40_000300	test_hom40
IKKTYEEIKKTYEEIKKTYEEIKKTYEEIERDWEMV	0	1	0	0	0	0	0	1	HIPdb	Cluster_807	S000239	C40_000473	valid
ILPWKWPWWPWPP	0	0	1	0	0	0	0	1	HIPdb	Cluster_2911	S000241	C40_000003	test_hom40
ILPWKWPWWPWRR	0	0	1	0	0	0	0	1	HIPdb	Cluster_2911	S000242	C40_000003	test_hom40
INVKQIAARLLPPLYSLV	0	1	0	0	0	0	0	1	HIPdb	Cluster_2260	S000247	C40_000439	train
IRILQQLLFIHFRIG	0	0	1	0	0	1	0	2	HIPdb	Cluster_2595	S000250	C40_000383	valid
IRKAHCNISRADWND	0	1	0	0	0	0	0	1	HIPdb	Cluster_2601	S000251	C40_000189	test_hom40
IRKAHCNISRAKWND	0	1	0	0	0	0	0	1	HIPdb	Cluster_2601	S000252	C40_000189	test_hom40
ISSEVHIPLGDARLV	0	0	0	0	1	0	0	1	HIPdb	Cluster_925	S000254	C40_000217	train
IVHVTAKDKGTGKENTIRIQEGSGLSKEDIDRMIKDAEAH	0	1	0	0	0	0	0	1	HIPdb	Cluster_697	S000256	C40_000085	train
IVIYQYMDDLYVGSD	0	0	1	0	0	0	0	1	HIPdb	Cluster_2037	S000257	C40_000363	train
IWLHSLGQHIYETYG	0	0	1	0	0	1	0	2	HIPdb	Cluster_2603	S000258	C40_000381	valid
KAFEEVLAKKFYDKALWD	0	0	0	0	0	0	1	1	HIPdb	Cluster_2262	S000260	C40_000413	train
KCQLKGEAMHGQVDC	0	0	0	0	0	1	0	1	HIPdb	Cluster_2604	S000262	C40_000116	train
KDSTKWRKLVDFRELNKRTQ	0	0	1	0	0	0	0	1	HIPdb	Cluster_1996	S000263	C40_000134	train
KELKKIIGQVRDQAEHLKTA	0	0	0	0	0	1	0	1	HIPdb	Cluster_1263	S000264	C40_000148	valid
KFRRQRPRLSHKGPMPF	0	1	0	0	0	0	0	1	HIPdb	Cluster_908	S000265	C40_000226	train
KGACELLGWEWAWLCAA	0	1	0	0	0	0	0	1	HIPdb	Cluster_2396	S000267	C40_000253	valid
KGEAMHGQVDCSPGIWQLDC	0	0	0	0	0	1	0	1	HIPdb	Cluster_1997	S000268	C40_000270	train
KGSPAIFQSSMTKIL	0	0	1	0	0	0	0	1	HIPdb	Cluster_2076	S000269	C40_000289	train
KIPLELWTRYNMTINQTIWN	0	0	0	0	0	0	1	1	AVPdb	Cluster_2001	S000272	C40_000331	train
KISKIGPENPYNTPVFAIKK	0	0	1	0	0	0	0	1	HIPdb	Cluster_2002	S000273	C40_000346	train
KKGACEARHREWAWLCAA	0	1	0	0	0	0	0	1	HIPdb	Cluster_2265	S000274	C40_000004	valid
KKIKPPLPSVTKLTE	1	0	0	0	0	0	0	1	HIPdb	Cluster_2608	S000275	C40_000021	train
KQLSYCTDPLQIPLINYTFG	0	0	0	0	0	0	1	1	AVPdb	Cluster_2003	S000278	C40_000063	train
KQLTEAVQKITTESIVIWGK	0	0	1	0	0	0	0	1	HIPdb	Cluster_2004	S000279	C40_000440	train
KQRNRWEWRPDFKSKKVKISLPC	0	0	0	0	0	0	1	1	AVPdb	Cluster_1740	S000280	C40_000460	train
KQRQQLFDSQQGWFEGWFNRSPWFT	0	1	0	0	0	0	0	1	AVPdb	Cluster_531	S000281	C40_000477	train
KRWNETITGPSGCANNTCYN	0	0	0	0	0	0	1	1	AVPdb	Cluster_2007	S000282	C40_000490	test_hom40
KSKKVKISLPCNSTKNLTFA	0	0	0	0	0	0	1	1	AVPdb	Cluster_2008	S000283	C40_000172	train
KSLEQIWNNMTWMEWDREINNYTSLIHSLIEESQNQ	0	1	0	0	0	0	0	1	HIPdb	Cluster_889	S000284	C40_000397	train
KTELQAIYLALQDSGLEVNI	0	0	1	0	0	0	0	1	HIPdb	Cluster_2011	S000285	C40_000204	train
KVDFLEENITALLEEAQIQQEKNMYELQKLNSWDV	0	1	0	0	0	0	0	1	AVPdb;HIPdb	Cluster_933	S000286	C40_000368	train
KVGSLQYLALAALIT	1	0	0	0	0	0	0	1	HIPdb	Cluster_2615	S000287	C40_000069	test_hom40
KVINPEPIVEPFMSKPFALF	0	1	0	0	0	0	0	1	HIPdb	Cluster_2012	S000288	C40_000086	train
KVYLAWVPAHKGIGG	0	0	1	0	0	0	0	1	HIPdb	Cluster_2189	S000289	C40_000364	train
KWLDAFYKDVAKELEKAF	0	0	0	0	0	0	1	1	HIPdb	Cluster_2269	S000290	C40_000382	train
KYKLKHIVWASREL	0	0	0	0	0	0	1	1	HIPdb	Cluster_2799	S000293	C40_000100	train
KYTAFTIPSINNETPGIRYQ	0	0	1	0	0	0	0	1	HIPdb	Cluster_2013	S000294	C40_000117	train
LCDCPNGPWVWVPAFCQAVG	0	1	0	0	0	0	0	1	HIPdb	Cluster_1910	S000296	C40_000149	train
LEAIPCSIPPCFAFNKPFVF	0	1	0	0	0	0	0	1	HIPdb	Cluster_2015	S000300	C40_000271	train
LEAIPCSIPPCFLFGKPFVF	0	1	0	0	0	0	0	1	HIPdb	Cluster_2015	S000301	C40_000271	train
LEAIPCSIPPCVAFNKPFVF	0	1	0	0	0	0	0	1	HIPdb	Cluster_2015	S000302	C40_000271	train
LEAIPCSIPPCVFFGKPFVF	0	1	0	0	0	0	0	1	HIPdb	Cluster_2015	S000303	C40_000271	train
LEAIPCSIPPCVFFNKPFVF	0	1	0	0	0	0	0	1	HIPdb	Cluster_2015	S000304	C40_000271	train
LEAIPCSIPPCVGFGKPFVF	0	1	0	0	0	0	0	1	HIPdb	Cluster_2015	S000305	C40_000271	train
LEAIPCSIPPCVLFNKPFVF	0	1	0	0	0	0	0	1	HIPdb	Cluster_2015	S000306	C40_000271	train
LEAIPCSIPPEFLFGKPFVF	0	1	0	0	0	0	0	1	HIPdb	Cluster_2015	S000307	C40_000271	train
LEAIPMCIPPECAFNKPFVF	0	1	0	0	0	0	0	1	HIPdb	Cluster_2015	S000308	C40_000035	train
LEEWYKKTEELQKKFEEIIKKIEENNKKVEEGLKK	0	1	0	0	0	0	0	1	AVPdb	Cluster_943	S000326	C40_000118	valid
LEQIWNNMTWMEWDREINNYTSLIHSLIEESQNQQE	0	1	0	0	0	0	0	1	HIPdb	Cluster_889	S000327	C40_000397	train
LFFLLTVPFWAHYA	0	1	0	0	0	0	0	1	HIPdb	Cluster_2800	S000328	C40_000150	train
LGCNQNQFFCKIPLELWTRY	0	0	0	0	0	0	1	1	AVPdb	Cluster_2016	S000329	C40_000227	train
LGDARLVITTYWGLHT	0	0	0	0	1	0	0	1	HIPdb	Cluster_2463	S000330	C40_000240	train
LGQGVSIEWRKKRYS	1	0	0	0	0	0	0	1	HIPdb	Cluster_2533	S000332	C40_000214	valid
LGSSDRDTVVELSEWGVPCV	0	1	0	0	0	0	0	1	HIPdb	Cluster_2017	S000333	C40_000192	train
LKAKTNISIREGPTLGNWAR	0	0	0	0	0	0	1	1	AVPdb	Cluster_2018	S000338	C40_000005	train
LKARTVTFGVVTSVI	0	1	0	0	0	0	0	1	HIPdb	Cluster_2620	S000339	C40_000022	train
LLGGILGIGLGVLLLILCLP	0	0	0	0	0	0	1	1	AVPdb	Cluster_2019	S000342	C40_000427	train
LNITNSHVSILQERPPLENRVL	0	1	0	0	0	0	0	1	AVPdb	Cluster_1217	S000346	C40_000491	train
LPEKDSWTVNDIQKLVGKLN	0	0	1	0	0	0	0	1	HIPdb	Cluster_2020	S000349	C40_000205	train
LPLPAPSFHRTT	1	0	0	0	0	0	0	1	HIPdb	Cluster_3013	S000350	C40_000218	train
LQDSGLEVNIVTDSQYALGI	0	0	1	0	0	0	0	1	HIPdb	Cluster_2021	S000351	C40_000070	train
LQQLLFIHFRIGCQH	0	0	1	0	0	0	0	1	HIPdb	Cluster_2623	S000354	C40_000383	valid
LRCRNEKKRHRAVRLIFTI	0	1	0	0	0	0	0	1	HIPdb	Cluster_2196	S000356	C40_000414	train
LSCPQYVYGSVSVTCVWGSV	0	1	0	0	0	0	0	1	HIPdb	Cluster_2022	S000357	C40_000101	train
LSELDDRADALQAGASQFETSAAKLKRKYWWKN	0	0	1	0	0	0	0	1	HIPdb	Cluster_1080	S000358	C40_000119	train
LSSGRPDGFIHVQGHLQEVD	0	1	0	0	0	0	0	1	HIPdb	Cluster_2023	S000359	C40_000032	train
LTEEKIKALVEICTEMEKEG	0	0	1	0	0	0	0	1	HIPdb	Cluster_2024	S000361	C40_000228	train
LTSDTYFLPVPA	1	0	0	0	0	0	0	1	HIPdb	Cluster_3015	S000362	C40_000241	valid
LVQPRGPRSGPGPWQGGRRKFRRQRPRLSHKGPMPF	0	1	0	0	0	0	0	1	HIPdb	Cluster_908	S000364	C40_000272	train
LVRDSMAKLRERLNQRQKLFESTQ	0	1	0	0	0	0	0	1	AVPdb	Cluster_1680	S000365	C40_000290	train
LVRRRSELMGRRNPVCPG	0	1	0	0	0	0	0	1	HIPdb	Cluster_2113	S000366	C40_000302	test_hom40
LVTLEHQVLVIGLKVEAMEK	0	0	0	0	0	0	1	1	AVPdb	Cluster_882	S000367	C40_000318	valid
LYYFDCFSESAIRKA	1	0	0	0	0	0	0	1	HIPdb	Cluster_2630	S000368	C40_000333	test_hom40
MDGPKVKQWPLTEEKIKALV	0	0	1	0	0	0	0	1	HIPdb	Cluster_2025	S000370	C40_000006	train
MEQAPEDQGPQREPY	0	0	1	0	0	1	0	2	HIPdb	Cluster_2632	S000372	C40_000037	test_hom40
MHGQVDCSPGIWQLD	0	0	0	0	0	1	0	1	HIPdb	Cluster_1997	S000374	C40_000428	train
MPEVEGEEIQPQMELRRNGR	0	0	0	0	0	0	1	1	AVPdb	Cluster_2026	S000375	C40_000443	train
MRSSGDYGEVTGAWIEFGCH	0	0	0	0	0	0	1	1	AVPdb	Cluster_2027	S000376	C40_000462	train
MTLTVQARQLLSQIVQQQNNLLRAIEAQ	0	1	0	0	0	0	0	1	HIPdb	Cluster_1380	S000377	C40_000190	train
MTWEAWDRAIAEYAARIEALIRAAQEQQEKNEAALREL	0	1	0	0	0	0	0	1	HIPdb	Cluster_779	S000378	C40_000157	train
MTWMAWDRAIANYAALIHALIEAAQNQQEKNEAALLEL	0	1	0	0	0	0	0	1	HIPdb	Cluster_780	S000379	C40_000174	train
MYNCSLQNGFTMKVDDLIVH	0	0	0	0	0	0	1	1	AVPdb	Cluster_2029	S000382	C40_000219	valid
NCCAPEDIGFCLEGGCLV	0	1	0	0	0	0	0	1	HIPdb	Cluster_2218	S000383	C40_000071	train
NEELGKKYEETKKKQEEFYKKIEEIEKKNEEVKKKLEELQKK	0	1	0	0	0	0	0	1	AVPdb	Cluster_628	S000387	C40_000400	test_hom40
NIAGNWSCTSDLPSSWGYMN	0	0	0	0	0	0	1	1	AVPdb	Cluster_2031	S000390	C40_000120	train
NKSLEQIWNNMTWMEWDREINNYTSLIHSLIEESQN	0	1	0	0	0	0	0	1	HIPdb	Cluster_889	S000391	C40_000397	train
NMAKLRERLKQRQQL	0	1	0	0	0	0	0	1	AVPdb	Cluster_531	S000392	C40_000152	train
NMTINQTIWNHGNITLGEWY	0	0	0	0	0	0	1	1	AVPdb	Cluster_2032	S000393	C40_000229	train
NNLLRAIEAQQHLLQLTVWGIKQLQARILAVERYLKDQ	0	1	0	0	0	0	0	1	HIPdb	Cluster_385	S000400	C40_000334	train
NNTRKSIRIQRGPGRAFVTIGKIG	0	0	0	0	0	0	1	1	HIPdb	Cluster_612	S000402	C40_000007	test_hom40
NPGLLETSEGCRQ	0	0	0	1	0	0	0	1	HIPdb	Cluster_1508	S000405	C40_000052	train
NPGLLETSEGCRQILGQLQPSLQT	0	0	0	1	0	0	0	1	HIPdb	Cluster_1685	S000406	C40_000429	train
NQIIEQLIKKEKVY	0	0	1	0	0	0	0	1	HIPdb	Cluster_1921	S000407	C40_000444	train
NVQGKTGIQQLQKWEDWVRW	0	0	0	0	0	0	1	1	AVPdb	Cluster_2035	S000411	C40_000175	test_hom40
NVTLLCDCPNGPWVWVPAFC	0	1	0	0	0	0	0	1	HIPdb	Cluster_2036	S000412	C40_000149	train
PAATLEEHMTA	0	0	0	1	0	0	0	1	HIPdb	Cluster_1509	S000414	C40_000220	valid
PAFCQAVGWGDPITHWSHGQ	0	1	0	0	0	0	0	1	HIPdb	Cluster_1928	S000416	C40_000109	valid
PDIVIYQYMDDLYVGSDLEI	0	0	1	0	0	0	0	1	HIPdb	Cluster_2037	S000418	C40_000384	valid
PDKSESELVSQIIEQ	0	0	1	0	0	0	0	1	HIPdb	Cluster_2642	S000419	C40_000401	train
PDKWTVQPIVLPEKDSWTVN	0	0	1	0	0	0	0	1	HIPdb	Cluster_2038	S000420	C40_000416	train
PDYLLVPEEVMEYKPRRKRAAI	0	0	0	0	0	0	1	1	AVPdb	Cluster_1809	S000421	C40_000102	train
PEDQGPQREPYNEWT	0	0	1	0	0	1	0	2	HIPdb	Cluster_2643	S000422	C40_000121	test_hom40
PFDYGLKWQSCSCRANGSRI	0	1	0	0	0	0	0	1	HIPdb	Cluster_2039	S000423	C40_000135	train
PGIWQLDCTHLEGKI	0	0	0	0	0	1	0	1	HIPdb	Cluster_2644	S000426	C40_000242	train
PKDGPSPGGTLMDLSERQEVSSVRSLSST	0	1	0	0	0	0	0	1	HIPdb	Cluster_1316	S000427	C40_000256	train
PKSSWSDHEASSGV	0	1	0	0	0	0	0	1	HIPdb	Cluster_2808	S000428	C40_000274	test_hom40
PNGPWVWVPAFCQAVGWGDP	0	1	0	0	0	0	0	1	HIPdb	Cluster_1910	S000432	C40_000149	train
PNQTCMWNTSQIQDPEIPKC	0	0	0	0	0	0	1	1	AVPdb	Cluster_2042	S000433	C40_000349	train
PPLPSVTKLTEDRWN	1	0	0	0	0	0	0	1	HIPdb	Cluster_2645	S000436	C40_000038	test_hom40
PPLVVPVEESEIIFWDCWAPEE	0	0	0	0	0	0	1	1	AVPdb	Cluster_1810	S000437	C40_000053	train
PRLSHKGPMPF	0	1	0	0	0	0	0	1	HIPdb	Cluster_908	S000439	C40_000445	train
PTGERVWDRGNVTLLCDCPN	0	1	0	0	0	0	0	1	HIPdb	Cluster_1953	S000440	C40_000123	valid
PVDCTMYSNKMYNCSLQNGF	0	0	0	0	0	0	1	1	AVPdb	Cluster_2047	S000441	C40_000480	test_hom40
QAGLAVRPGKSAAQLVGE	0	1	0	0	0	0	0	1	HIPdb	Cluster_2295	S000442	C40_000493	train
QARQLLSGIVQQQNNLLRAIEAQQHLLQLTVWGIKQLQARILAVERYLKQQ	0	1	0	0	0	0	0	1	HIPdb	Cluster_385	S000443	C40_000176	test_hom40
QARQLLSQIVQQQNNLLRAIEAQQHLLQ	0	1	0	0	0	0	0	1	HIPdb	Cluster_385	S000444	C40_000190	train
QAVGWGDPITHWSHGQNQWP	0	1	0	0	0	0	0	1	HIPdb	Cluster_1928	S000445	C40_000206	train
QEFFGLNNCSSSNRLD	0	1	0	0	0	0	0	1	HIPdb	Cluster_2468	S000446	C40_000221	train
QETAYFLLKLAGR	0	0	1	0	0	0	0	1	HIPdb	Cluster_2347	S000447	C40_000073	train
QETAYFLLKLAGRWP	0	0	1	0	0	0	0	1	HIPdb	Cluster_2347	S000448	C40_000089	train
QEWERKVDFLEENITALLEEAQIQQEKNMYELQKL	0	1	0	0	0	0	0	1	AVPdb;HIPdb	Cluster_933	S000449	C40_000368	train
QHLLQLTVWGIKQLQARILAVERYLKDQ	0	1	0	0	0	0	0	1	HIPdb	Cluster_360	S000451	C40_000402	train
QIPLINYTFGPNQTCMWNTS	0	0	0	0	0	0	1	1	AVPdb	Cluster_2049	S000453	C40_000103	valid
QIQDPEIPKCGWWNQMAYYN	0	0	0	0	0	0	1	1	AVPdb	Cluster_2050	S000454	C40_000122	train
QIWNNMTWMEWDREINNYTSLIHSLIEESQNQ	0	1	0	0	0	0	0	1	HIPdb	Cluster_889	S000455	C40_000397	train
QKEGLHYTCSSHFPYSQYQF	0	1	0	0	0	0	0	1	HIPdb	Cluster_1690	S000457	C40_000231	train
QKQGQGQWTYQIYQEP	0	0	0	0	0	1	0	1	HIPdb	Cluster_1983	S000458	C40_000243	train
QLIHLYYFDCFSESA	1	0	0	0	0	0	0	1	HIPdb	Cluster_2657	S000459	C40_000257	train
QLLIRMIYKNI	0	0	1	0	0	0	0	1	HIPdb	Cluster_1083	S000460	C40_000275	train
QLLIRMIYKNILFYLVPGPGHGAEPERRNIKYL	0	0	1	0	0	0	0	1	HIPdb	Cluster_1083	S000461	C40_000258	train
QPSVQIQVYQGEREIAAHNK	0	1	0	0	0	0	0	1	HIPdb	Cluster_2051	S000464	C40_000335	valid
QQLLFIHFRIGCQHS	0	0	1	0	0	1	0	2	HIPdb	Cluster_2623	S000465	C40_000383	valid
QRPRLSHKGPMPF	0	1	0	0	0	0	0	1	HIPdb	Cluster_908	S000467	C40_000025	valid
QRQIRSISGWILSTYLGRPAEPVPLQ	0	0	1	0	0	0	0	1	HIPdb	Cluster_1499	S000468	C40_000039	valid
QRQQLFDSQQGWFEG	0	1	0	0	0	0	0	1	AVPdb	Cluster_531	S000469	C40_000054	test_hom40
QWTYQIYQEPFKNLKTGKYA	0	0	1	0	0	0	0	1	HIPdb	Cluster_2053	S000471	C40_000446	train
QYMDDLYVGSDLEIG	0	0	1	0	0	0	0	1	HIPdb	Cluster_2037	S000472	C40_000463	train
RCGTGPRLTKDLEAVPFVNR	0	1	0	0	0	0	0	1	HIPdb	Cluster_2055	S000473	C40_000327	train
RDWHLGQGVSIEWRK	1	0	0	0	0	0	0	1	HIPdb	Cluster_2533	S000474	C40_000214	valid
RERLKQRQQLFDSQQ	0	1	0	0	0	0	0	1	AVPdb	Cluster_531	S000476	C40_000191	train
RFPFHRCGAGPKLTKDLE	0	1	0	0	0	0	0	1	HIPdb	Cluster_2229	S000477	C40_000207	train
RFRIRCRWNVGSDTSLIDTC	0	0	0	0	0	0	1	1	AVPdb	Cluster_2057	S000478	C40_000222	train
RGILRNWYNPFAGLRQSLEQ	0	0	0	0	0	0	1	1	AVPdb	Cluster_2058	S000479	C40_000074	train
RGNVTLLCDCPNGPWVWVPA	0	1	0	0	0	0	0	1	HIPdb	Cluster_2036	S000480	C40_000464	test_hom40
RGTKALTEVIPLTEEAEC	0	0	0	0	0	1	0	1	HIPdb	Cluster_2091	S000481	C40_000067	train
RHHYESPHPRISSEV	0	0	0	0	1	0	0	1	HIPdb	Cluster_925	S000482	C40_000385	train
RHHYESTHPRISSEV	1	0	0	0	0	0	0	1	HIPdb	Cluster_925	S000483	C40_000403	train
RIGCQHSRIGITQQR	0	0	1	0	0	1	0	2	HIPdb	Cluster_2666	S000484	C40_000418	train
RINNIPWSEAMM	0	1	0	0	0	0	0	1	HIPdb	Cluster_3025	S000485	C40_000104	test_hom40
RIPTGERVWDRGNVTLLCDC	0	1	0	0	0	0	0	1	HIPdb	Cluster_1900	S000486	C40_000123	valid
RIQRGPGRAFVTIGK	0	0	0	0	0	0	1	1	HIPdb	Cluster_612	S000487	C40_000136	test_hom40
RKAILGHIVSPRCEY	1	0	0	0	0	0	0	1	HIPdb	Cluster_2667	S000488	C40_000154	valid
RKVDFLEENITALLEEAQIQQEKNMYELQKLNSWD	0	1	0	0	0	0	0	1	AVPdb;HIPdb	Cluster_933	S000489	C40_000368	train
RLASWSVKQANLTTSLLGDLLDDVT	0	1	0	0	0	0	0	1	AVPdb	Cluster_1590	S000490	C40_000244	valid
RMIYKNILFYLVPGPGHGAEPERRNIKYL	0	0	1	0	0	0	0	1	HIPdb	Cluster_1083	S000491	C40_000258	train
RNKSNLHTEARFRIRCRWNV	0	0	0	0	0	0	1	1	AVPdb	Cluster_2061	S000495	C40_000320	train
RPRLSHKGPMPF	0	1	0	0	0	0	0	1	HIPdb	Cluster_908	S000497	C40_000350	train
RQHLLRWGLTTPDKKHQKEP	0	0	1	0	0	0	0	1	HIPdb	Cluster_2064	S000498	C40_000009	train
RQLLSGIVQQQNNLLRAIEAQQHLLQK	0	1	0	0	0	0	0	1	HIPdb	Cluster_277	S000500	C40_000040	train
RQLLSQIVQQQNNLLRAIEAQQHLLQLT	0	1	0	0	0	0	0	1	HIPdb	Cluster_277	S000501	C40_000190	train
RSISGWILSTYLGRP	0	0	1	0	0	0	0	1	HIPdb	Cluster_1499	S000502	C40_000432	train
RSQKEGLHYTCSSHFPYSQYQFWK	0	1	0	0	0	0	0	1	HIPdb	Cluster_1690	S000503	C40_000231	train
RVWDRGNVTLLCDCPNGPWV	0	1	0	0	0	0	0	1	HIPdb	Cluster_1953	S000504	C40_000464	test_hom40
RWNKPQKTKGHRGSH	1	0	0	0	0	0	0	1	HIPdb	Cluster_2674	S000505	C40_000481	test_hom40
RYSTQVDPDLADQLI	1	0	0	0	0	0	0	1	HIPdb	Cluster_2675	S000506	C40_000494	train
SDRDTVVELSEWGVPCAT	0	1	0	0	0	0	0	1	HIPdb	Cluster_2017	S000508	C40_000192	train
SEPHLPFPVLPH	1	0	0	0	0	0	0	1	HIPdb	Cluster_3031	S000509	C40_000208	test_hom40
SGCANNTCYNVSVIVPDYQC	0	0	0	0	0	0	1	1	AVPdb	Cluster_2069	S000510	C40_000223	train
SGIDQEQNNLTRLIEAQIHELQLTQWKIKQLLARILK	0	1	0	0	0	0	0	1	HIPdb	Cluster_860	S000511	C40_000075	valid
SGIVQQQNNLLRAIEAQQHLLQLTVWGIKQCCGR	0	1	0	0	0	0	0	1	HIPdb	Cluster_277	S000513	C40_000369	train
SGIVQQQNNLLRAIEAQQHLLQLTVWGIKQLQAR	0	1	0	0	0	0	0	1	HIPdb	Cluster_277	S000515	C40_000369	train
SGIVQQQNNLLRAIEAQQHLLQLTVWGIKQLQARIL	0	1	0	0	0	0	0	1	HIPdb	Cluster_277	S000516	C40_000369	train
SGTKMACPSNRGILRNWYNP	0	0	0	0	0	0	1	1	AVPdb	Cluster_2071	S000517	C40_000105	train
SLEQIWNNMTWMEWDREINNYTSLIHSLIEESQNQQ	0	1	0	0	0	0	0	1	HIPdb	Cluster_889	S000519	C40_000397	train
SLEQIWNNMTWMQWDK	0	1	0	0	0	0	0	1	HIPdb	Cluster_2476	S000520	C40_000155	test_hom40
SLGQHIYETYGDTWA	0	0	1	0	0	1	0	2	HIPdb	Cluster_2680	S000521	C40_000232	train
SLHWPVSHPPPP	1	0	0	0	0	0	0	1	HIPdb	Cluster_3033	S000522	C40_000245	valid
SNQGGSPLPRSV	1	0	0	0	0	0	0	1	HIPdb	Cluster_3035	S000526	C40_000305	valid
SPAIFQSSMTKILEPFRKQN	0	0	1	0	0	0	0	1	HIPdb	Cluster_2076	S000527	C40_000321	train
SPLGFGSYTMTKIRDSLHLV	0	1	0	0	0	0	0	1	HIPdb	Cluster_2077	S000528	C40_000337	train
SPYPMALFPLHN	1	0	0	0	0	0	0	1	HIPdb	Cluster_3036	S000529	C40_000351	train
SPYPSWSTPAGR	1	0	0	0	0	0	0	1	HIPdb	Cluster_3037	S000530	C40_000010	train
SQGVVESMNKELKKIIGQVRDQAEHLKTA	0	0	1	0	0	0	0	1	HIPdb	Cluster_1263	S000531	C40_000041	train
SQGVVESMNKELKKIIGQVRDQAEHLKTAY	0	0	1	0	0	0	0	1	HIPdb	Cluster_1263	S000532	C40_000041	train
SQGVVESMNKELPKIIGQVRDQAEHLKTAY	0	0	1	0	0	0	0	1	HIPdb	Cluster_1263	S000533	C40_000041	train
SSMTKILEPFRKQNP	0	0	1	0	0	0	0	1	HIPdb	Cluster_2076	S000535	C40_000447	train
STRTPEDSNSLGT	0	0	0	0	0	0	1	1	HIPdb	Cluster_2957	S000536	C40_000465	train
SVTKLTEDRWNKPQK	1	0	0	0	0	0	0	1	HIPdb	Cluster_2688	S000539	C40_000178	train
SWETWEREIENYTKQIYKILEESQEQQDRNEKDLLE	0	1	0	0	0	0	0	1	HIPdb	Cluster_916	S000540	C40_000193	train
TAYFLLALAGRW	0	0	1	0	0	0	0	1	HIPdb	Cluster_3044	S000547	C40_000404	train
TAYFLLILAGRW	0	0	1	0	0	0	0	1	HIPdb	Cluster_3044	S000548	C40_000419	train
TAYFLLKAAGRW	0	0	1	0	0	0	0	1	HIPdb	Cluster_3045	S000549	C40_000106	test_hom40
TAYFLLKLAGAW	0	0	1	0	0	0	0	1	HIPdb	Cluster_2347	S000551	C40_000137	test_hom40
TAYFLLKLAGRA	0	0	1	0	0	0	0	1	HIPdb	Cluster_2347	S000552	C40_000156	train
TAYFLLKLAGRL	0	0	1	0	0	0	0	1	HIPdb	Cluster_2347	S000553	C40_000233	train
TAYFLLKLAGRW	0	0	1	0	0	0	0	1	HIPdb	Cluster_2347	S000554	C40_000089	train
TEEAELELAENREILKEPVH	0	0	1	0	0	0	0	1	HIPdb	Cluster_2086	S000558	C40_000306	train
TEYWQATWIPEWE	0	0	0	0	0	1	0	1	HIPdb	Cluster_1926	S000561	C40_000352	test_hom40
TGALKINNLRLVTLEHQVLV	0	0	0	0	0	0	1	1	AVPdb	Cluster_882	S000562	C40_000011	train
TGAWIEFGCHRNKSNLHTEA	0	0	0	0	0	0	1	1	AVPdb	Cluster_2088	S000563	C40_000027	train
TGEKVWDRGNVTLLCDCP	0	1	0	0	0	0	0	1	HIPdb	Cluster_1953	S000564	C40_000123	valid
TGTFGFFPGVPPINNCMPLG	0	1	0	0	0	0	0	1	HIPdb	Cluster_2089	S000565	C40_000055	train
THLEGKVILVAVHVASGYIE	0	0	0	0	0	1	0	1	HIPdb	Cluster_2090	S000566	C40_000433	train
TKALTEVIPLTEEAELELAE	0	0	1	0	0	0	0	1	HIPdb	Cluster_2091	S000567	C40_000448	test_hom40
TKGPGRVIYATGQ	0	0	0	0	0	0	1	1	HIPdb	Cluster_2959	S000568	C40_000466	train
TLLCDCPNGPWVWVPAFCQA	0	1	0	0	0	0	0	1	HIPdb	Cluster_1910	S000570	C40_000149	train
TLTVQARQLLSGIVQQQNNLLRAIEAQQHLLQLTVWGIKQLQARIL	0	1	0	0	0	0	0	1	HIPdb	Cluster_385	S000571	C40_000176	test_hom40
TLVDCIRNCIHKILGYTVIA	0	0	0	0	0	0	1	1	AVPdb	Cluster_2094	S000572	C40_000194	valid
TMKVDDLIVHFNMTKAVEMV	0	0	0	0	0	0	1	1	AVPdb	Cluster_2095	S000573	C40_000210	train
TPDKKHQKEPPFLWMGYELH	0	0	1	0	0	0	0	1	HIPdb	Cluster_2096	S000575	C40_000077	train
TPKFKLPIQKETWETWWTEY	0	0	1	0	0	0	0	1	HIPdb	Cluster_2097	S000576	C40_000001	train
TPLPTIRGDTGT	1	0	0	0	0	0	0	1	HIPdb	Cluster_3050	S000577	C40_000371	train
TRQARRNRRRWRERQR	0	1	0	0	0	0	0	1	HIPdb	Cluster_1888	S000578	C40_000388	test_hom40
TRQARRNRRRWRERQRAAAAC	0	1	0	0	0	0	0	1	HIPdb	Cluster_1888	S000579	C40_000405	valid
TRQCRRGRIWKRWNETITGP	0	0	0	0	0	0	1	1	AVPdb	Cluster_2098	S000580	C40_000420	train
TTESIVIWGKTPKFKLPIQK	0	0	1	0	0	0	0	1	HIPdb	Cluster_2099	S000582	C40_000126	test_hom40
TTPFTIRGPLGNQGRGNPVR	0	1	0	0	0	0	0	1	HIPdb	Cluster_2100	S000583	C40_000138	train
TTWEAWDRAIAEYAARIEALIRAAQELQEKLEAALREL	0	1	0	0	0	0	0	1	HIPdb	Cluster_779	S000584	C40_000157	train
TTWEAWDRAIAEYAARIEALIRAAQELQEKNEAALREL	0	1	0	0	0	0	0	1	HIPdb	Cluster_779	S000585	C40_000157	train
TTWEAWDRAIAEYAARIEALIRAAQEQQEKLEAALREL	0	1	0	0	0	0	0	1	HIPdb	Cluster_779	S000586	C40_000157	train
TTWEAWDRAIAEYAARIEALIRAAQEQQEKLEAVLREL	0	1	0	0	0	0	0	1	HIPdb	Cluster_779	S000587	C40_000157	train
TTWEAWDRAIAEYAARIEALIRAAQEQQEKNEAALREL	0	1	0	0	0	0	0	1	HIPdb	Cluster_779	S000588	C40_000157	train
TTWEAWDRAIAEYAARIEALIRAAQEQQEKNEAILREL	0	1	0	0	0	0	0	1	HIPdb	Cluster_779	S000589	C40_000157	train
TTWEAWDRAIAEYAARIEALIRALQELQEKLEAILREL	0	1	0	0	0	0	0	1	HIPdb	Cluster_779	S000590	C40_000157	train
TTWEAWDRAIAEYAARIEALIRALQELQEKNEAALREL	0	1	0	0	0	0	0	1	HIPdb	Cluster_779	S000591	C40_000157	train
TTWEAWDRAIAEYAARIEALIRALQELQEKNEAILREL	0	1	0	0	0	0	0	1	HIPdb	Cluster_779	S000592	C40_000157	train
TTWEAWDRAIAEYAARIEALIRALQEQQEKNEAALREL	0	1	0	0	0	0	0	1	HIPdb	Cluster_779	S000593	C40_000157	train
TTWEAWDRAIAEYAARIEALIRALQEQQEKNEAILREL	0	1	0	0	0	0	0	1	HIPdb	Cluster_779	S000594	C40_000157	train
TTWEAWDRAIAEYAARIEALIRASQEQQEKNEAELREL	0	1	0	0	0	0	0	1	HIPdb	Cluster_779	S000595	C40_000157	train
TTWEAWDRAIAEYAARIEALLRALQEQQEKNEAALREL	0	1	0	0	0	0	0	1	HIPdb	Cluster_779	S000596	C40_000157	train
TTWEEWDREINEYTSRIESLIRESQEQQEKNEQELREL	0	1	0	0	0	0	0	1	HIPdb	Cluster_794	S000597	C40_000180	test_hom40
TWAGVEAIIRILQQL	0	0	1	0	0	1	0	2	HIPdb	Cluster_2496	S000599	C40_000449	test_hom40
TWQEWERKVDFLEENITALLEEAQIQQEKNMYELQ	0	1	0	0	0	0	0	1	HIPdb	Cluster_964	S000601	C40_000368	train
TYGDTWAGVEAIIRI	0	0	0	0	0	1	0	1	HIPdb	Cluster_2702	S000602	C40_000166	test_hom40
TYICEVEDQKEE	0	1	0	0	0	0	0	1	HIPdb	Cluster_3056	S000603	C40_000179	train
VAGLRQSLEQYQVVKQPDYL	0	0	0	0	0	0	1	1	AVPdb	Cluster_2102	S000604	C40_000195	valid
VDCSPGIWQLDCTHL	0	0	0	0	0	1	0	1	HIPdb	Cluster_1997	S000605	C40_000211	train
VDFLEENITALLEEAQIQQEKNMYELQKLNSWDVF	0	1	0	0	0	0	0	1	AVPdb;HIPdb	Cluster_933	S000606	C40_000368	train
VEAIIRILQQLLFIH	0	0	1	0	0	1	0	2	HIPdb	Cluster_2496	S000607	C40_000078	train
VEELMKLLEELLKKLEELFKKLEEWFKKWFELSKKFT	0	1	0	0	0	0	0	1	AVPdb	Cluster_873	S000608	C40_000092	valid
VEENMKKLEERLKKREELFKKQEEWFKKWFERSKKFT	0	1	0	0	0	0	0	1	AVPdb	Cluster_873	S000609	C40_000372	valid
VESMNEELKKIIAQVRAQAEHLKTAY	0	0	1	0	0	0	0	1	HIPdb	Cluster_1263	S000610	C40_000389	train
VESMNKELPKIIGQVRDQAEHLKTAY	0	0	1	0	0	0	0	1	HIPdb	Cluster_1263	S000611	C40_000041	train
VEWNEMTWMEWEREIENYTKLIYKILEESQEQ	0	1	0	0	0	0	0	1	HIPdb	Cluster_1149	S000612	C40_000421	train
VFASLPGIIFTRSQKEGL	0	1	0	0	0	0	0	1	HIPdb	Cluster_2333	S000613	C40_000108	train
VGSASCTIAALGSSDRDTVV	0	1	0	0	0	0	0	1	HIPdb	Cluster_2107	S000614	C40_000127	test_hom40
VPAHKGIGGNEQVDKLVSAG	0	0	1	0	0	0	0	1	HIPdb	Cluster_2111	S000615	C40_000139	train
VPVGSASCTIAALGSSDR	0	1	0	0	0	0	0	1	HIPdb	Cluster_2107	S000617	C40_000127	test_hom40
VQQQNNLLRAIEAQQHLLQLTVWGIKQL	0	1	0	0	0	0	0	1	HIPdb	Cluster_277	S000618	C40_000369	train
VRDNMAKLRERLKQRQQLFDSQQGWFEGWFNRSPWFT	0	1	0	0	0	0	0	1	AVPdb	Cluster_531	S000619	C40_000261	train
VRQLCKLLRGTKALTEVIPL	0	0	1	0	0	0	0	1	HIPdb	Cluster_2112	S000620	C40_000279	train
VRRCSELMGRRNPVCPGYAW	0	1	0	0	0	0	0	1	HIPdb	Cluster_2113	S000621	C40_000302	test_hom40
VSPRCEYQAGHNKVG	1	0	0	0	0	0	0	1	HIPdb	Cluster_2711	S000622	C40_000307	train
VSQIIEQLIKKEKVY	0	0	1	0	0	0	0	1	HIPdb	Cluster_1921	S000623	C40_000322	test_hom40
VSVTCVWGSVSWFASTGGRD	0	1	0	0	0	0	0	1	HIPdb	Cluster_2115	S000625	C40_000353	valid
VTDSQYALGIIQAQPDQSES	0	0	1	0	0	0	0	1	HIPdb	Cluster_2116	S000626	C40_000012	train
VTVLDVGDAYFSVPLDEDFR	0	0	1	0	0	0	0	1	HIPdb	Cluster_2119	S000627	C40_000028	train
VVTLTDTTNQKTELQAIYLA	0	0	1	0	0	0	0	1	HIPdb	Cluster_2120	S000628	C40_000042	test_hom40
VWGIKQLQARILAVERYLKDQQLLGIWG	0	1	0	0	0	0	0	1	HIPdb	Cluster_1403	S000629	C40_000056	train
WASLKIDNLDV	0	0	1	0	0	0	0	1	HIPdb	Cluster_1598	S000630	C40_000434	train
WASRELERFAVNPGLLETSEGCRQIL	0	0	0	1	0	0	0	1	HIPdb	Cluster_1508	S000631	C40_000450	test_hom40
WDRGNVTLLCDCPNGPWVWV	0	1	0	0	0	0	0	1	HIPdb	Cluster_1953	S000633	C40_000464	test_hom40
WEEWDKKIEEYTKKIEELIKKSEEQQKKNEEELKK	0	1	0	0	0	0	0	1	HIPdb	Cluster_966	S000634	C40_000180	test_hom40
WEEWDRKIEEYTKKIKKLIEESQEQQEKNEKELK	0	1	0	0	0	0	0	1	HIPdb	Cluster_1021	S000635	C40_000180	test_hom40
WERKVDFLEENITALLEEAQIQQEKNMYELQKLNS	0	1	0	0	0	0	0	1	AVPdb;HIPdb	Cluster_933	S000636	C40_000368	train
WHSQRLSPVPPA	1	0	0	0	0	0	0	1	HIPdb	Cluster_3057	S000637	C40_000212	train
WIHAEIKNSLKIDNLDVNRCIEALD	0	0	1	0	0	0	0	1	HIPdb	Cluster_1598	S000638	C40_000133	train
WMEWDREIEALAKAAEALAKAAEALAKAAWASLWNWF	0	1	0	0	0	0	0	1	HIPdb	Cluster_875	S000640	C40_000093	valid
WMEWDREIEEAAKKLEEAAKKLEEAAKKLEEAAKKL	0	1	0	0	0	0	0	1	HIPdb	Cluster_876	S000641	C40_000390	train
WMEWDREIEEAAKKLEEAAKKLEEAAKKLWASLWNWF	0	1	0	0	0	0	0	1	HIPdb	Cluster_876	S000642	C40_000390	train
WMEWDREIEELAKKAEELAKKAEELAKKAEELAKKA	0	1	0	0	0	0	0	1	HIPdb	Cluster_920	S000643	C40_000422	valid
WMEWDREIEELAKKAEELAKKAEELAKKAWASLWNWF	0	1	0	0	0	0	0	1	HIPdb	Cluster_875	S000644	C40_000422	valid
WMEWDREIEEYTKKIEEYTKKIEEYTKKIEEYTKKI	0	1	0	0	0	0	0	1	HIPdb	Cluster_877	S000645	C40_000128	train
WMEWDREIEEYTKKIEEYTKKIEEYTKKIWASLWNWF	0	1	0	0	0	0	0	1	HIPdb	Cluster_877	S000646	C40_000128	train
WNALKIDNLDV	0	0	1	0	0	0	0	1	HIPdb	Cluster_1598	S000661	C40_000057	train
WNSAKIDNLDV	0	0	1	0	0	0	0	1	HIPdb	Cluster_1598	S000663	C40_000451	train
WNSLKADNLDV	0	0	1	0	0	0	0	1	HIPdb	Cluster_3091	S000664	C40_000467	train
WNSLKIANLAV	0	0	1	0	0	0	0	1	HIPdb	Cluster_3092	S000665	C40_000484	train
WNSLKIANLDV	0	0	1	0	0	0	0	1	HIPdb	Cluster_3092	S000666	C40_000167	train
WNSLKIDALDV	0	0	1	0	0	0	0	1	HIPdb	Cluster_1598	S000667	C40_000181	train
WNSLKIDNADV	0	0	1	0	0	0	0	1	HIPdb	Cluster_1598	S000668	C40_000196	train
WNSLKIDNLDA	0	0	1	0	0	0	0	1	HIPdb	Cluster_1598	S000669	C40_000057	train
WNSLKIDNLDV	0	0	1	0	0	0	0	1	HIPdb	Cluster_1598	S000670	C40_000057	train
WQCLTLTHRGFVLLTITVLR	0	0	1	0	0	0	0	1	HIPdb	Cluster_2121	S000672	C40_000094	train
WQEWEQKITALLEQAQIQQEKNEYELQKLDKWASLWEWF	0	1	0	0	0	0	0	1	HIPdb	Cluster_743	S000673	C40_000373	test_hom40
WQEWERKVDFLEENITALLEEAQIQQEKNMYELQK	0	1	0	0	0	0	0	1	AVPdb;HIPdb	Cluster_964	S000674	C40_000368	train
WQVMIVWQVDRMRIR	1	0	0	0	0	0	0	1	HIPdb	Cluster_2716	S000675	C40_000406	valid
WVPAFCQAVGWGDPITHWSH	0	1	0	0	0	0	0	1	HIPdb	Cluster_1928	S000677	C40_000109	valid
WYQLEKEPIVGAETFYVDGA	0	0	1	0	0	0	0	1	HIPdb	Cluster_2123	S000679	C40_000140	train
YADHTGLVRDNMAKL	0	1	0	0	0	0	0	1	AVPdb	Cluster_531	S000680	C40_000159	train
YADHTGLVRDNMAKLRERLKQRQQLFDSQQGWFEGWFNRSPWFTT	0	1	0	0	0	0	0	1	AVPdb	Cluster_531	S000681	C40_000261	train
YALLIRMIYKNI	0	0	1	0	0	0	0	1	HIPdb	Cluster_1083	S000682	C40_000246	valid
YEIIMDIEQNNVQGKTGIQQ	0	0	0	0	0	0	1	1	AVPdb	Cluster_2124	S000683	C40_000262	train
YEPLVRRRSELMGRRNPV	0	1	0	0	0	0	0	1	HIPdb	Cluster_2340	S000684	C40_000302	test_hom40
YGGIKKEIEAIKKEQEAIKKKIEAIEKEIEA	0	1	0	0	0	0	0	1	HIPdb	Cluster_277	S000685	C40_000294	valid
YLDRVDTWLQGKINISLCLT	0	0	0	0	0	0	1	1	AVPdb	Cluster_2126	S000687	C40_000323	train
YNTPVFAIKKKDSTKWRKLV	0	0	1	0	0	0	0	1	HIPdb	Cluster_2127	S000688	C40_000341	train
YNVLPQGWKGSPAIFQSSMT	0	0	1	0	0	0	0	1	HIPdb	Cluster_2128	S000689	C40_000354	valid
YPAPIKVLLPNS	1	0	0	0	0	0	0	1	HIPdb	Cluster_3061	S000690	C40_000013	train
YPLPHPMWSMLP	1	0	0	0	0	0	0	1	HIPdb	Cluster_3062	S000691	C40_000029	test_hom40
YQALIRMIYKNI	0	0	1	0	0	0	0	1	HIPdb	Cluster_1083	S000692	C40_000044	train
YQLAIRMIYKNI	0	0	1	0	0	0	0	1	HIPdb	Cluster_1083	S000693	C40_000058	train
YQLLARMIYKNI	0	0	1	0	0	0	0	1	HIPdb	Cluster_1083	S000694	C40_000435	test_hom40
YQLLIRAIYKNI	0	0	1	0	0	0	0	1	HIPdb	Cluster_3065	S000696	C40_000468	valid
YQLLIRMIAKNI	0	0	1	0	0	0	0	1	HIPdb	Cluster_1083	S000698	C40_000168	valid
YQLLIRMIYANI	0	0	1	0	0	0	0	1	HIPdb	Cluster_1083	S000699	C40_000182	test_hom40
YQLLIRMIYKAI	0	0	1	0	0	0	0	1	HIPdb	Cluster_1083	S000700	C40_000197	train
YQLLIRMIYKNA	0	0	1	0	0	0	0	1	HIPdb	Cluster_1083	S000701	C40_000197	train
YQLLIRMIYKNI	0	0	1	0	0	0	0	1	HIPdb	Cluster_1083	S000702	C40_000197	train
YQLLIRPIYKNI	0	0	1	0	0	0	0	1	HIPdb	Cluster_3065	S000703	C40_000081	train
YQVVKQPDYLLVPEEVMEYK	0	0	0	0	0	0	1	1	AVPdb	Cluster_2131	S000704	C40_000095	valid
YVSGKARGWFYRHHY	0	0	0	0	1	0	0	1	HIPdb	Cluster_925	S000743	C40_000141	test_hom40
YVSGKARGWFYRHHYESPHPRISSEVHIPLGDARLV	0	0	0	0	1	0	0	1	HIPdb	Cluster_925	S000744	C40_000160	test_hom40
AAYFLLKLAGRW	0	0	1	0	0	0	0	1	HIPdb	Cluster_2976	S000006	C40_000089	train
AEAASQVTNTATIM	0	0	0	0	1	0	0	1	HIPdb	Cluster_2730	S000019	C40_000014	test_hom40
AEASQVTNTATIM	0	0	0	0	1	0	0	1	HIPdb	Cluster_2730	S000023	C40_000014	test_hom40
ALGAAATLEEMMTACQGV	0	0	0	1	0	0	0	1	HIPdb	Cluster_2214	S000032	C40_000082	test_hom40
ALGPAATLEEMMAAAQGV	0	0	0	1	0	0	0	1	HIPdb	Cluster_2214	S000034	C40_000376	test_hom40
CEYQAGHNKVGSLQY	1	0	0	0	0	0	0	1	HIPdb	Cluster_2515	S000060	C40_000184	test_hom40
CKWEEAKVKFHCQRTQSQPGSW	0	0	0	0	0	0	1	1	AVPdb	Cluster_1761	S000065	C40_000358	train
CLLLGTEVSEALGGAGLT	0	1	0	0	0	0	0	1	HIPdb	Cluster_1586	S000066	C40_000377	train
CLLLGTEVSEALGGAGLTG	0	1	0	0	0	0	0	1	HIPdb	Cluster_1586	S000067	C40_000393	train
CLLLGTEVSEALGGAGLTGG	0	1	0	0	0	0	0	1	HIPdb	Cluster_1586	S000068	C40_000024	train
EELAKKAEELAKKAEELAKKAEELAKKAWASLWNWF	0	1	0	0	0	0	0	1	HIPdb	Cluster_887	S000099	C40_000422	valid
ELKNEAVRHFPRIWL	0	0	1	0	0	1	0	2	HIPdb	Cluster_2540	S000109	C40_000284	valid
ESAIRKAILGHIVSP	1	0	0	0	0	0	0	1	HIPdb	Cluster_2545	S000117	C40_000046	train
EWTLELLEELKNEAV	0	0	1	0	0	1	0	2	HIPdb	Cluster_2548	S000133	C40_000096	valid
FIHFRIGCQHSRIGI	0	0	1	0	0	1	0	2	HIPdb	Cluster_2555	S000145	C40_000343	train
FNLSDHSESIQKKFQLMKEHVNKIG	0	1	0	0	0	0	0	1	AVPdb	Cluster_1536	S000149	C40_000177	train
FRKQNPDIVIYQYMD	0	0	1	0	0	0	0	1	HIPdb	Cluster_2000	S000151	C40_000437	train
GAPASVLGSRPFDYGLKWQS	0	1	0	0	0	0	0	1	HIPdb	Cluster_1950	S000157	C40_000201	train
GCKKYRRFRWKFKGKFWFWG	0	1	0	0	0	0	0	1	HIPdb	Cluster_1952	S000158	C40_000215	train
GGKMLYNKVTKQLSYCTDPL	0	0	0	0	0	0	1	1	AVPdb	Cluster_1955	S000162	C40_000378	train
GLLASLGKVFGGYLAEKLKPK	0	1	0	0	0	0	0	1	HIPdb	Cluster_1860	S000169	C40_000163	train
GLTGGFYEPLVRRCSELMGR	0	1	0	0	0	0	0	1	HIPdb	Cluster_1964	S000171	C40_000251	valid
GPPPHHRDYHGP	1	0	0	0	0	0	0	1	HIPdb	Cluster_2994	S000176	C40_000328	test_hom40
GTEVSEALGGAGLTGGFY	0	1	0	0	0	0	0	1	HIPdb	Cluster_1586	S000187	C40_000338	test_hom40
GTKWLTEWIPLC	0	0	0	0	0	1	0	1	HIPdb	Cluster_2579	S000205	C40_000287	valid
GTKWLTEWIPLTAEC	0	0	0	0	0	1	0	1	HIPdb	Cluster_2579	S000207	C40_000315	test_hom40
IKKTYEEIKKTYEEIKKTYEEIKKTYEEIKKTYEE	0	1	0	0	0	0	0	1	HIPdb	Cluster_940	S000240	C40_000330	train
IQAQPDKSESELVSQ	0	0	1	0	0	0	0	1	HIPdb	Cluster_1992	S000248	C40_000459	train
IQAQPDQSESELVNQIIEQL	0	0	1	0	0	0	0	1	HIPdb	Cluster_1992	S000249	C40_000476	train
KGACDYPEWQWLCAA	0	1	0	0	0	0	0	1	HIPdb	Cluster_2607	S000266	C40_000239	test_hom40
KILEPFRKQNPDIVI	0	0	1	0	0	0	0	1	HIPdb	Cluster_2000	S000270	C40_000301	train
KILEPFRKQNPDIVIYQYMD	0	0	1	0	0	0	0	1	HIPdb	Cluster_2000	S000271	C40_000316	train
KKKMVLGVFALLSLISGSLKK	0	1	0	0	0	0	0	1	HIPdb	Cluster_1873	S000276	C40_000034	train
KWLTEWIPLTAEC	0	0	0	0	0	1	0	1	HIPdb	Cluster_2579	S000292	C40_000315	test_hom40
LGEWYNQTKELQQKFYEIIMNIEQNNVQVKKGLQQ	0	1	0	0	0	0	0	1	AVPdb	Cluster_944	S000331	C40_000254	train
LGTEVSEALGGAGLTGGF	0	1	0	0	0	0	0	1	HIPdb	Cluster_1586	S000334	C40_000338	test_hom40
LKTVRLIKFLY	0	0	1	0	0	0	0	1	HIPdb	Cluster_1257	S000340	C40_000036	valid
LLGDLLDDVTSIRHAVLQNRAAIDF	0	1	0	0	0	0	0	1	AVPdb	Cluster_1579	S000341	C40_000051	valid
LLGTEVSEALGGAGLTGG	0	1	0	0	0	0	0	1	HIPdb	Cluster_1586	S000343	C40_000442	train
LLLGTEVSEALGGAGLTG	0	1	0	0	0	0	0	1	HIPdb	Cluster_1586	S000344	C40_000461	train
LLLGTEVSEALGGAGLTGG	0	1	0	0	0	0	0	1	HIPdb	Cluster_1586	S000345	C40_000478	valid
LNNCLLLGTEVSEALGGA	0	1	0	0	0	0	0	1	HIPdb	Cluster_1586	S000347	C40_000173	train
LNNCLLLGTEVSEALGGAGLTGG	0	1	0	0	0	0	0	1	HIPdb	Cluster_1586	S000348	C40_000024	train
LQKWEDWVRWIGNIPQYLKG	0	0	0	0	0	0	1	1	AVPdb	Cluster_1879	S000353	C40_000366	train
LQYLALAALITPKKI	1	0	0	0	0	0	0	1	HIPdb	Cluster_2624	S000355	C40_000399	valid
LTEDRWNKPQKTKGH	1	0	0	0	0	0	0	1	HIPdb	Cluster_2627	S000360	C40_000151	valid
MAGRSGDSDEELLKTVRLIKFLYQSNPPPS	0	0	1	0	0	0	0	1	HIPdb	Cluster_1257	S000369	C40_000348	train
MDYQVSSPIYDINYYTSEPCQKINVK	0	1	0	0	0	0	0	1	HIPdb	Cluster_1494	S000371	C40_000023	train
NCLLLGTEVSEALGGAGL	0	1	0	0	0	0	0	1	HIPdb	Cluster_1586	S000384	C40_000088	train
NCLLLGTEVSEALGGAGLT	0	1	0	0	0	0	0	1	HIPdb	Cluster_1586	S000385	C40_000367	valid
NCLLLGTEVSEALGGAGLTGG	0	1	0	0	0	0	0	1	HIPdb	Cluster_1586	S000386	C40_000024	train
NNCLLLGTEVSEALGGAG	0	1	0	0	0	0	0	1	HIPdb	Cluster_1586	S000395	C40_000255	test_hom40
NNCLLLGTEVSEALGGAGL	0	1	0	0	0	0	0	1	HIPdb	Cluster_1586	S000396	C40_000273	train
NNCLLLGTEVSEALGGAGLT	0	1	0	0	0	0	0	1	HIPdb	Cluster_1586	S000397	C40_000024	train
NNCLLLGTEVSEALGGAGLTGG	0	1	0	0	0	0	0	1	HIPdb	Cluster_1586	S000398	C40_000024	train
NQTKDLQQKFYEIIMDIEQN	0	0	0	0	0	0	1	1	AVPdb	Cluster_944	S000409	C40_000479	train
PFLWMGYELHPDKWTVQPIV	0	0	1	0	0	0	0	1	HIPdb	Cluster_2040	S000424	C40_000153	train
PFRKQNPDIVIYQYM	0	0	1	0	0	0	0	1	HIPdb	Cluster_2000	S000425	C40_000230	train
PLNNCLLLGTEVSEALGG	0	1	0	0	0	0	0	1	HIPdb	Cluster_1586	S000429	C40_000291	valid
PLNNCLLLGTEVSEALGGAG	0	1	0	0	0	0	0	1	HIPdb	Cluster_1586	S000430	C40_000024	train
PLNNCLLLGTEVSEALGGAGLTGG	0	1	0	0	0	0	0	1	HIPdb	Cluster_1586	S000431	C40_000024	train
PPINNCMPLGTEVSEALGGA	0	1	0	0	0	0	0	1	HIPdb	Cluster_1586	S000434	C40_000024	train
PPLNNCLLLGTEVSEALGGAGLTGG	0	1	0	0	0	0	0	1	HIPdb	Cluster_1586	S000435	C40_000024	train
PQMELRRNGRQCGMSEKEEE	0	0	0	0	0	0	1	1	AVPdb	Cluster_2044	S000438	C40_000430	train
QNPDIVIYQYMDDLY	0	0	1	0	0	0	0	1	HIPdb	Cluster_2000	S000462	C40_000303	test_hom40
RNPVCPGYAWLSSGRPDGFI	0	1	0	0	0	0	0	1	HIPdb	Cluster_2062	S000496	C40_000336	train
SDHSESIQKKFQLMKEHVNKIGVDS	0	1	0	0	0	0	0	1	AVPdb	Cluster_1536	S000507	C40_000177	train
SGIVQQQNNLLRAIEAQQHLLQLTVWGIKQCCGRISGIVQQQNNLLRA	0	1	0	0	0	0	0	1	HIPdb	Cluster_443	S000514	C40_000386	test_hom40
SKIDVWSLVPVGSASCTIAA	0	1	0	0	0	0	0	1	HIPdb	Cluster_2072	S000518	C40_000124	valid
SNFASITTPRPH	1	0	0	0	0	0	0	1	HIPdb	Cluster_3034	S000525	C40_000292	train
STTVKAASWWA	0	0	1	0	0	0	0	1	HIPdb	Cluster_3087	S000537	C40_000482	train
SWFASTGGRDSKIDVWSLVP	0	1	0	0	0	0	0	1	HIPdb	Cluster_2082	S000541	C40_000209	train
TAAFLLKLAGRW	0	0	1	0	0	0	0	1	HIPdb	Cluster_2976	S000542	C40_000076	train
TASFLLKLAGRW	0	0	1	0	0	0	0	1	HIPdb	Cluster_2976	S000543	C40_000076	train
TAYALLKLAGRW	0	0	1	0	0	0	0	1	HIPdb	Cluster_2976	S000544	C40_000091	train
TAYFALKLAGRW	0	0	1	0	0	0	0	1	HIPdb	Cluster_2976	S000545	C40_000370	train
TAYFLLKLAARW	0	0	1	0	0	0	0	1	HIPdb	Cluster_2976	S000550	C40_000125	valid
TCILDRRPASCGTCVRDCWP	0	1	0	0	0	0	0	1	HIPdb	Cluster_2084	S000555	C40_000260	valid
TDIQTKELQKQITKIQNFRV	0	0	0	0	0	1	0	1	HIPdb	Cluster_2085	S000556	C40_000278	train
TEVSEALGGAGLTGGFYE	0	1	0	0	0	0	0	1	HIPdb	Cluster_1586	S000559	C40_000338	test_hom40
VPPLNNCLLLGTEVSEALGG	0	1	0	0	0	0	0	1	HIPdb	Cluster_1586	S000616	C40_000158	train
VSVIVPDYQCYLDRVDTWLQ	0	0	0	0	0	0	1	1	AVPdb	Cluster_2114	S000624	C40_000339	valid
WKKIRRFVSQVIM	0	0	1	0	0	0	0	1	HIPdb	Cluster_2970	S000639	C40_000079	train
WPTNPTTVPVPS	1	0	0	0	0	0	0	1	HIPdb	Cluster_3058	S000671	C40_000080	test_hom40
AAAPAATLEEHMTACQGV	0	0	0	1	0	0	0	1	HIPdb	Cluster_2206	S000002	C40_000375	train
AAAQWDFGNTMC	0	1	0	0	0	0	0	1	HIPdb	Cluster_2973	S000003	C40_000391	train
AEAIPMSIPPEVKFNKPFVF	0	1	0	0	0	0	0	1	HIPdb	Cluster_1896	S000020	C40_000365	train
ALGPAAAAAEMMTACQGV	0	0	0	1	0	0	0	1	HIPdb	Cluster_2215	S000033	C40_000357	test_hom40
ALWKTMLKKLGTMALHAGKAALGAAADTISQGTQ	0	1	0	0	0	0	0	1	HIPdb	Cluster_968	S000037	C40_000424	train
AQLVGELGSLYGPLSVSA	0	1	0	0	0	0	0	1	HIPdb	Cluster_2220	S000046	C40_000296	train
ASCDKCQLKGEAMHG	0	0	0	0	0	1	0	1	HIPdb	Cluster_2507	S000047	C40_000310	train
CPTPAIEPPTGTFGFFPG	0	1	0	0	0	0	0	1	HIPdb	Cluster_1995	S000071	C40_000099	train
DREINNYTSLIHSLIEESQNQQEKNEQELLELDKWA	0	1	0	0	0	0	0	1	HIPdb	Cluster_336	S000091	C40_000360	train
EESQNQQEKNEQELLELDKWASLWNWFNITNWLWLI	0	1	0	0	0	0	0	1	HIPdb	Cluster_336	S000100	C40_000409	train
EINNYTSLIHSLIEESQNQQEKNEQELLELDKWASL	0	1	0	0	0	0	0	1	HIPdb	Cluster_336	S000106	C40_000360	train
ESQNQQEKNEQELLELDKWASLWNWFNITNWLWLIK	0	1	0	0	0	0	0	1	HIPdb	Cluster_336	S000119	C40_000409	train
EVSEALGGAGLTGGFYEP	0	1	0	0	0	0	0	1	HIPdb	Cluster_2087	S000126	C40_000338	test_hom40
EWDREINNYTSLIHSLIEESQNQQEKNEQE	0	1	0	0	0	0	0	1	HIPdb	Cluster_336	S000127	C40_000065	train
EWDREINNYTSLIHSLIEESQNQQEKNEQELLELDK	0	1	0	0	0	0	0	1	HIPdb	Cluster_336	S000128	C40_000360	train
EWDREINNYTSLIHSLIEESQNQQEKNEQELLELDKWASLW	0	1	0	0	0	0	0	1	HIPdb	Cluster_336	S000129	C40_000360	train
FLYTAFAMQELGCNQNQFFC	0	0	0	0	0	0	1	1	AVPdb	Cluster_1943	S000148	C40_000031	train
GIFPKIIGKGIVNGIKSLAKGVGMKVFKAGLNNIGNTGCNNRDEC	0	1	0	0	0	0	0	1	HIPdb	Cluster_432	S000164	C40_000411	train
GTKWATEWAPLTAEAEC	0	0	0	0	0	1	0	1	HIPdb	Cluster_2383	S000203	C40_000252	valid
GTKWLTEWIPLTAEAEC	0	0	0	0	0	1	0	1	HIPdb	Cluster_2383	S000206	C40_000398	train
GWWNQMAYYNSCKWEEAKVK	0	0	0	0	0	0	1	1	AVPdb	Cluster_1977	S000211	C40_000019	train
HKILGYTVIAMPEVEGEEIQ	0	0	0	0	0	0	1	1	AVPdb	Cluster_1980	S000216	C40_000458	test_hom40
HSLIEESQNQQEKNEQELLELDKWASLWNWFNITNW	0	1	0	0	0	0	0	1	HIPdb	Cluster_336	S000219	C40_000171	train
IEESQNQQEKNEQELLELDKWASLWNWFNITNWLWL	0	1	0	0	0	0	0	1	HIPdb	Cluster_336	S000224	C40_000409	train
IGITQQRRARNGASR	0	0	1	0	0	1	0	2	HIPdb	Cluster_2593	S000228	C40_000412	valid
IHSLIEESQNQQEKNEQELLELDKWASLWNWFNITN	0	1	0	0	0	0	0	1	HIPdb	Cluster_336	S000232	C40_000147	train
INNYTSLIGSLIEESQNQQEKNEQELLE	0	1	0	0	0	0	0	1	HIPdb	Cluster_336	S000243	C40_000020	train
INNYTSLIHSLIEESQNQQEKNEQELLE	0	1	0	0	0	0	0	1	HIPdb	Cluster_336	S000244	C40_000020	train
INNYTSLIHSLIEESQNQQEKNEQELLELDKWASL	0	1	0	0	0	0	0	1	HIPdb	Cluster_336	S000245	C40_000360	train
INNYTSLIHSLIEESQNQQEKNEQELLELDKWASLW	0	1	0	0	0	0	0	1	HIPdb	Cluster_336	S000246	C40_000360	train
IRKVLFLDGIDKAQDEHEKY	0	0	1	0	0	0	0	1	HIPdb	Cluster_1993	S000253	C40_000203	test_hom40
ITTYWGLHTGERDWHL	0	0	0	0	1	0	0	1	HIPdb	Cluster_2462	S000255	C40_000068	train
IWNNMTWMEWDREINNYTSLIHSLIEESQNQQEKNE	0	1	0	0	0	0	0	1	HIPdb	Cluster_336	S000259	C40_000397	train
KCPTPAIEPPTGTFGFFPGV	0	1	0	0	0	0	0	1	HIPdb	Cluster_1995	S000261	C40_000099	train
KPKQIKPPLPSV	1	0	0	0	0	0	0	1	HIPdb	Cluster_2619	S000277	C40_000049	train
KWLTEWIPLTAEAEC	0	0	0	0	0	1	0	1	HIPdb	Cluster_2383	S000291	C40_000398	train
LAAIPMSIPPEVKFNKPFVF	0	1	0	0	0	0	0	1	HIPdb	Cluster_1896	S000295	C40_000365	train
LEAAPMSIPPEVKFNKPFVF	0	1	0	0	0	0	0	1	HIPdb	Cluster_1896	S000297	C40_000365	train
LEAIAMSIPPEVKFNKPFVF	0	1	0	0	0	0	0	1	HIPdb	Cluster_1896	S000298	C40_000365	train
LEAIPASIPPEVKFNKPFVF	0	1	0	0	0	0	0	1	HIPdb	Cluster_1896	S000299	C40_000365	train
LEAIPMSAPPEVKFNKPFVF	0	1	0	0	0	0	0	1	HIPdb	Cluster_1896	S000309	C40_000050	train
LEAIPMSIAPEVKFNKPFVF	0	1	0	0	0	0	0	1	HIPdb	Cluster_1896	S000310	C40_000426	train
LEAIPMSIPAEVKFNKPFVF	0	1	0	0	0	0	0	1	HIPdb	Cluster_1896	S000311	C40_000441	train
LEAIPMSIPPAVKFNKPFVF	0	1	0	0	0	0	0	1	HIPdb	Cluster_1896	S000312	C40_000365	train
LEAIPMSIPPEAKFNKPFVF	0	1	0	0	0	0	0	1	HIPdb	Cluster_1896	S000313	C40_000365	train
LEAIPMSIPPEFLFGKPFVF	0	1	0	0	0	0	0	1	HIPdb	Cluster_1896	S000314	C40_000365	train
LEAIPMSIPPEVAFAKPFVF	0	1	0	0	0	0	0	1	HIPdb	Cluster_1896	S000315	C40_000365	train
LEAIPMSIPPEVAFNKPFVF	0	1	0	0	0	0	0	1	HIPdb	Cluster_1896	S000316	C40_000365	train
LEAIPMSIPPEVFFNKPFVF	0	1	0	0	0	0	0	1	HIPdb	Cluster_1896	S000317	C40_000365	train
LEAIPMSIPPEVKANKPFVF	0	1	0	0	0	0	0	1	HIPdb	Cluster_1896	S000318	C40_000365	train
LEAIPMSIPPEVKFAKPFVF	0	1	0	0	0	0	0	1	HIPdb	Cluster_1896	S000319	C40_000365	train
LEAIPMSIPPEVKFNAPFVF	0	1	0	0	0	0	0	1	HIPdb	Cluster_1896	S000320	C40_000365	train
LEAIPMSIPPEVKFNKAFVF	0	1	0	0	0	0	0	1	HIPdb	Cluster_1896	S000321	C40_000365	train
LEAIPMSIPPEVKFNKPAVF	0	1	0	0	0	0	0	1	HIPdb	Cluster_1896	S000322	C40_000365	train
LEAIPMSIPPEVKFNKPFAF	0	1	0	0	0	0	0	1	HIPdb	Cluster_1896	S000323	C40_000365	train
LEAIPMSIPPEVKFNKPFVA	0	1	0	0	0	0	0	1	HIPdb	Cluster_1896	S000324	C40_000365	train
LEAIPMSIPPEVKFNKPFVF	0	1	0	0	0	0	0	1	HIPdb	Cluster_1896	S000325	C40_000365	train
LIEESQNQQEKNEQELLELDKWASLWNWFNITNWLW	0	1	0	0	0	0	0	1	HIPdb	Cluster_336	S000335	C40_000317	train
LIHSLIEESQNQQEKNEQELLELDKWASLWNWFNIT	0	1	0	0	0	0	0	1	HIPdb	Cluster_336	S000336	C40_000332	valid
LITPKKIKPPLPSVT	1	0	0	0	0	0	0	1	HIPdb	Cluster_2619	S000337	C40_000347	train
LQEVDAGNFIPPPRWLLL	0	1	0	0	0	0	0	1	HIPdb	Cluster_2276	S000352	C40_000087	valid
LVKCPTPAIEPPTGTFGF	0	1	0	0	0	0	0	1	HIPdb	Cluster_1995	S000363	C40_000099	train
MEWDREINNYTSLIHSLIEESQNQQEKNEQELLELD	0	1	0	0	0	0	0	1	HIPdb	Cluster_336	S000373	C40_000360	train
MTWMEWDREINNYTSLIHSLIEESQNQQEKNEQELL	0	1	0	0	0	0	0	1	HIPdb	Cluster_336	S000380	C40_000397	train
MTWMEWDREINNYTSLIHSLIEESQNQQEKNEQELLEL	0	1	0	0	0	0	0	1	HIPdb	Cluster_336	S000381	C40_000360	train
NHTTWMEWDREINNYTSLIHSLIEESQNQQEKNEQELLELDKW	0	1	0	0	0	0	0	1	HIPdb	Cluster_336	S000388	C40_000415	train
NHTTWMEWDREINNYTSLIHSLIEESQNQQEKNEQELLELDKWASLWNWFNIKIL	0	1	0	0	0	0	0	1	HIPdb	Cluster_336	S000389	C40_000340	train
NMTWMEWDREINNYTSLIHSLIEESQNQQEKNEQEL	0	1	0	0	0	0	0	1	HIPdb	Cluster_336	S000394	C40_000397	train
NNETPGIRYQYNVLPQGWKG	0	0	1	0	0	0	0	1	HIPdb	Cluster_2033	S000399	C40_000319	train
NNMTWMEWDREINNYTSLIHSLIEESQNQQEKNEQE	0	1	0	0	0	0	0	1	HIPdb	Cluster_336	S000401	C40_000397	train
NNYTSLIHSLIEESQNQQEKNEQELLELDK	0	1	0	0	0	0	0	1	HIPdb	Cluster_336	S000403	C40_000065	train
NNYTSLIHSLIEESQNQQEKNEQELLELDKWASLWN	0	1	0	0	0	0	0	1	HIPdb	Cluster_336	S000404	C40_000360	train
NQQEKNEQELLELDKWASLWNWFNITNWLWLIKIFI	0	1	0	0	0	0	0	1	HIPdb	Cluster_336	S000408	C40_000409	train
NYTSLIHSLIEESQNQQEKNEQELLELDKWASLWNW	0	1	0	0	0	0	0	1	HIPdb	Cluster_336	S000413	C40_000360	train
PACQDFLGAMIHLKAKTNISIR	0	0	0	0	0	0	1	1	AVPdb	Cluster_1808	S000415	C40_000072	train
PAIEPPTGTFGFFPGVPP	0	1	0	0	0	0	0	1	HIPdb	Cluster_1995	S000417	C40_000099	train
QGHLQEVDAGNFIPPPRW	0	1	0	0	0	0	0	1	HIPdb	Cluster_2276	S000450	C40_000165	train
QHSRIGITQQRRARN	0	0	1	0	0	1	0	2	HIPdb	Cluster_2656	S000452	C40_000417	valid
QIWNNMTWMEWDREINNYTSLIHSLIEESQNQQEKN	0	1	0	0	0	0	0	1	HIPdb	Cluster_336	S000456	C40_000397	train
QNQQEKNEQELLELDKWASLWNWFNITNWLWLIKIF	0	1	0	0	0	0	0	1	HIPdb	Cluster_336	S000463	C40_000409	train
QQRRARNGASRS	0	0	1	0	0	1	0	2	HIPdb	Cluster_2593	S000466	C40_000008	train
QVDPDLADQLIHLYY	1	0	0	0	0	0	0	1	HIPdb	Cluster_2660	S000470	C40_000431	valid
REINNYTSLIHSLIEESQNQQEKNEQELLELDKWAS	0	1	0	0	0	0	0	1	HIPdb	Cluster_336	S000475	C40_000360	train
RMKQIEDKIEEIESKQKKIENEIARIKKLIGERY	0	1	0	0	0	0	0	1	HIPdb	Cluster_528	S000492	C40_000276	train
RMKQIEDKIEEIESKQKKIENEIARIKKLLQLTVWGIKQLQARIL	0	1	0	0	0	0	0	1	HIPdb	Cluster_528	S000493	C40_000176	test_hom40
RMRGAHTNDVKQLTEAVQKI	0	0	1	0	0	0	0	1	HIPdb	Cluster_2059	S000494	C40_000304	test_hom40
SGIVQQLNNQLRAEEANQHLEQLSVWGSKQNQARRLK	0	1	0	0	0	0	0	1	HIPdb	Cluster_861	S000512	C40_000090	valid
SLIEESQNQQEKNEQELLELDKWASLWNWFNITNWL	0	1	0	0	0	0	0	1	HIPdb	Cluster_336	S000523	C40_000259	train
SLIHSLIEESQNQQEKNEQELLELDKWASLWNWFNI	0	1	0	0	0	0	0	1	HIPdb	Cluster_336	S000524	C40_000277	train
SQNQQEKNEQELLELDKWASLWNWFNITNWLWLIKI	0	1	0	0	0	0	0	1	HIPdb	Cluster_336	S000534	C40_000409	train
TAYFLAKLAGRW	0	0	1	0	0	0	0	1	HIPdb	Cluster_3043	S000546	C40_000387	test_hom40
TEVSEALGGAGLTGGFYEPL	0	1	0	0	0	0	0	1	HIPdb	Cluster_2087	S000560	C40_000338	test_hom40
TKIRDSLHLVKCPTPAIEPP	0	1	0	0	0	0	0	1	HIPdb	Cluster_2093	S000569	C40_000483	train
TMTPPPTSVRGT	1	0	0	0	0	0	0	1	HIPdb	Cluster_3049	S000574	C40_000224	train
TSLIHSLIEESQNQQEKNEQELLELDKWASLWNWFN	0	1	0	0	0	0	0	1	HIPdb	Cluster_336	S000581	C40_000107	train
TTWMEWDREINNYTSLIHSLIEESQNQQEKNEQELLEL	0	1	0	0	0	0	0	1	HIPdb	Cluster_336	S000598	C40_000360	train
TWMEWDREINNYTSLIHSLIEESQNQQEKNEQELLE	0	1	0	0	0	0	0	1	HIPdb	Cluster_336	S000600	C40_000360	train
WDREINNYTSLIHSLIEESQNQQEKNEQELLELDKW	0	1	0	0	0	0	0	1	HIPdb	Cluster_336	S000632	C40_000360	train
WMEWDREINNYTSLIGSLIEESQNQQEKNEQELLE	0	1	0	0	0	0	0	1	HIPdb	Cluster_336	S000647	C40_000020	train
WMEWDREINNYTSLIHSLIEEAQNQQEKNEQELL	0	1	0	0	0	0	0	1	HIPdb	Cluster_336	S000648	C40_000397	train
WMEWDREINNYTSLIHSLIEELQNQQEKNEQELL	0	1	0	0	0	0	0	1	HIPdb	Cluster_336	S000649	C40_000397	train
WMEWDREINNYTSLIHSLIEEPQNQQEKNEQELL	0	1	0	0	0	0	0	1	HIPdb	Cluster_336	S000650	C40_000397	train
WMEWDREINNYTSLIHSLIEESQNQQEK	0	1	0	0	0	0	0	1	HIPdb	Cluster_336	S000651	C40_000065	train
WMEWDREINNYTSLIHSLIEESQNQQEKNEQELL	0	1	0	0	0	0	0	1	HIPdb	Cluster_336	S000652	C40_000397	train
WMEWDREINNYTSLIHSLIEESQNQQEKNEQELLE	0	1	0	0	0	0	0	1	HIPdb	Cluster_336	S000653	C40_000360	train
WMEWDREINNYTSLIHSLIEESQNQQEKNEQELLEL	0	1	0	0	0	0	0	1	HIPdb	Cluster_336	S000654	C40_000360	train
WMEWDREINNYTSLIHSLIEESQNQQEKNEQELLELDKWASLWNWF	0	1	0	0	0	0	0	1	HIPdb	Cluster_336	S000655	C40_000340	train
WMEWDREINNYTSLIHSLIEESQNQQEKNEQELLELDKWASLWNWFNITNWLWYIK	0	1	0	0	0	0	0	1	HIPdb	Cluster_336	S000656	C40_000340	train
WMEWDREINNYTSLIHSLIEESQNQQEKNEQELLELDKWASLWNWFRS	0	1	0	0	0	0	0	1	HIPdb	Cluster_336	S000657	C40_000360	train
WMEWDREINNYTSLIHSLIEETQNQQEKNEQELL	0	1	0	0	0	0	0	1	HIPdb	Cluster_336	S000658	C40_000397	train
WMEWDREINNYTSLIHSLIEEWQNQQEKNEQELL	0	1	0	0	0	0	0	1	HIPdb	Cluster_336	S000659	C40_000397	train
WMEWEREIDNYTSEIYTLIEESQNQQEKNEQELL	0	1	0	0	0	0	0	1	HIPdb	Cluster_336	S000660	C40_000043	valid
WNNMTWMEWDREINNYTSLIHSLIEESQNQQEKNEQ	0	1	0	0	0	0	0	1	HIPdb	Cluster_336	S000662	C40_000397	train
WVNQLAVLGLPAVDAAVA	0	1	0	0	0	0	0	1	HIPdb	Cluster_2339	S000676	C40_000423	train
WVWVPAFCQAVGWGDPITHW	0	1	0	0	0	0	0	1	HIPdb	Cluster_2122	S000678	C40_000109	valid
YKPRRKRAAIHVMLALATVLSI	0	0	0	0	0	0	1	1	AVPdb	Cluster_1820	S000686	C40_000308	test_hom40
YQLLIAMIYKNI	0	0	1	0	0	0	0	1	HIPdb	Cluster_3064	S000695	C40_000452	test_hom40
YQLLIRMAYKNI	0	0	1	0	0	0	0	1	HIPdb	Cluster_3066	S000697	C40_000485	train
YTSLIHSLIEEAQNQQEKNEQELLELDKWASLWNWF	0	1	0	0	0	0	0	1	HIPdb	Cluster_336	S000705	C40_000277	train
YTSLIHSLIEEDQNQQEKNEQELLELDKWASLWNWF	0	1	0	0	0	0	0	1	HIPdb	Cluster_336	S000706	C40_000360	train
YTSLIHSLIEEEQNQQEKNEQELLELDKWASLWNWF	0	1	0	0	0	0	0	1	HIPdb	Cluster_336	S000707	C40_000360	train
YTSLIHSLIEEFQNQQEKNEQELLELDKWASLWNWF	0	1	0	0	0	0	0	1	HIPdb	Cluster_336	S000708	C40_000360	train
YTSLIHSLIEEGQNQQEKNEQELLELDKWASLWNWF	0	1	0	0	0	0	0	1	HIPdb	Cluster_336	S000709	C40_000360	train
YTSLIHSLIEEHQNQQEKNEQELLELDKWASLWNWF	0	1	0	0	0	0	0	1	HIPdb	Cluster_336	S000710	C40_000360	train
YTSLIHSLIEEIQNQQEKNEQELLELDKWASLWNWF	0	1	0	0	0	0	0	1	HIPdb	Cluster_336	S000711	C40_000360	train
YTSLIHSLIEEKQNQQEKNEQELLELDKWASLWNWF	0	1	0	0	0	0	0	1	HIPdb	Cluster_336	S000712	C40_000360	train
YTSLIHSLIEELQNQQEKNEQELLELDKWASLWNWF	0	1	0	0	0	0	0	1	HIPdb	Cluster_336	S000713	C40_000360	train
YTSLIHSLIEEMQNQQEKNEQELLELDKWASLWNWF	0	1	0	0	0	0	0	1	HIPdb	Cluster_336	S000714	C40_000360	train
YTSLIHSLIEENQNQQEKNEQELLELDKWASLWNWF	0	1	0	0	0	0	0	1	HIPdb	Cluster_336	S000715	C40_000360	train
YTSLIHSLIEEPQNQQEKNEQELLELDKWASLWNWF	0	1	0	0	0	0	0	1	HIPdb	Cluster_336	S000716	C40_000280	train
YTSLIHSLIEEQQNQQEKNEQELLELDKWASLWNWF	0	1	0	0	0	0	0	1	HIPdb	Cluster_336	S000717	C40_000360	train
YTSLIHSLIEERQNQQEKNEQELLELDKWASLWNWF	0	1	0	0	0	0	0	1	HIPdb	Cluster_336	S000718	C40_000360	train
YTSLIHSLIEESQNLQEKNEQELLELDKWASLWNWF	0	1	0	0	0	0	0	1	HIPdb	Cluster_336	S000719	C40_000360	train
YTSLIHSLIEESQNQQEKLEQELLELDKWASLWNWF	0	1	0	0	0	0	0	1	HIPdb	Cluster_336	S000720	C40_000360	train
YTSLIHSLIEESQNQQEKNEQELLEFDKWASLWNWF	0	1	0	0	0	0	0	1	HIPdb	Cluster_336	S000721	C40_000360	train
YTSLIHSLIEESQNQQEKNEQELLELDKPASLWNWF	0	1	0	0	0	0	0	1	HIPdb	Cluster_336	S000722	C40_000360	train
YTSLIHSLIEESQNQQEKNEQELLELDKWASLANAA	0	1	0	0	0	0	0	1	HIPdb	Cluster_336	S000723	C40_000360	train
YTSLIHSLIEESQNQQEKNEQELLELDKWASLANWF	0	1	0	0	0	0	0	1	HIPdb	Cluster_336	S000724	C40_000360	train
YTSLIHSLIEESQNQQEKNEQELLELDKWASLFNFF	0	1	0	0	0	0	0	1	HIPdb	Cluster_336	S000725	C40_000360	train
YTSLIHSLIEESQNQQEKNEQELLELDKWASLWNAF	0	1	0	0	0	0	0	1	HIPdb	Cluster_336	S000726	C40_000360	train
YTSLIHSLIEESQNQQEKNEQELLELDKWASLWNSF	0	1	0	0	0	0	0	1	HIPdb	Cluster_336	S000727	C40_000360	train
YTSLIHSLIEESQNQQEKNEQELLELDKWASLWNWF	0	1	0	0	0	0	0	1	AVPdb;HIPdb	Cluster_336	S000728	C40_000360	train
YTSLIHSLIEESQNQQEKNEQELLELDKWASPWNWF	0	1	0	0	0	0	0	1	HIPdb	Cluster_336	S000729	C40_000360	train
YTSLIHSLIEESQNQQEKNEQELLELNKWASLWNWF	0	1	0	0	0	0	0	1	HIPdb	Cluster_336	S000730	C40_000360	train
YTSLIHSLIEESQNQQEKNEQELLQLDKWASLWNWF	0	1	0	0	0	0	0	1	HIPdb	Cluster_336	S000731	C40_000360	train
YTSLIHSLIEESQNQQEKNEQQLLELDKWASLWNWF	0	1	0	0	0	0	0	1	HIPdb	Cluster_336	S000732	C40_000360	train
YTSLIHSLIEESQNQQEKNQQELLQLDKWASLWNWF	0	1	0	0	0	0	0	1	HIPdb	Cluster_336	S000733	C40_000360	train
YTSLIHSLIEESQQQQEKNEQELLELDKWASLWNWF	0	1	0	0	0	0	0	1	HIPdb	Cluster_336	S000734	C40_000360	train
YTSLIHSLIEETQNQQEKNEQELLELDKWASLWNWF	0	1	0	0	0	0	0	1	HIPdb	Cluster_336	S000735	C40_000360	train
YTSLIHSLIEEVQNQQEKNEQELLELDKWASLWNWF	0	1	0	0	0	0	0	1	HIPdb	Cluster_336	S000736	C40_000360	train
YTSLIHSLIEEWQNQQEKNEQELLELDKWASLWNWF	0	1	0	0	0	0	0	1	HIPdb	Cluster_336	S000737	C40_000374	valid
YTSLIHSLIEEYQNQQEKNEQELLELDKWASLWNWF	0	1	0	0	0	0	0	1	HIPdb	Cluster_336	S000738	C40_000360	train
YTSLIHSLIEQSQNQQEKNEQELLELDKWASLWNWF	0	1	0	0	0	0	0	1	HIPdb	Cluster_336	S000739	C40_000360	train
YTSLIHSLIQESQNQQEKNEQELLELDKWASLWNWF	0	1	0	0	0	0	0	1	HIPdb	Cluster_336	S000740	C40_000360	train
YTSLIHSLIQQSQNQQQKNQQQLLQLDKWASLWNWF	0	1	0	0	0	0	0	1	HIPdb	Cluster_336	S000741	C40_000360	train
YTSLIQSLIEESQNQQEKNEQQLLELDKWASLWNWF	0	1	0	0	0	0	0	1	HIPdb	Cluster_336	S000742	C40_000360	train
GIGDPVTCLKSGAIA	0	1	0	0	0	0	0	1	HIPdb	Cluster_654	S000165	C40_000097	train
HDWTKNITDKIDQIIHDFVDKTLPD	0	1	0	0	0	0	0	1	AVPdb	Cluster_797	S000212	C40_000033	train
IEPHDWTKNITDKIDQIIHDFVDKT	0	1	0	0	0	0	0	1	AVPdb	Cluster_797	S000225	C40_000033	train
NREILKEPVHGVYYDPSKDL	0	0	1	0	0	0	0	1	HIPdb	Cluster_2034	S000410	C40_000492	test_hom40
RQIKIWFQNRRMKWKK	0	0	1	0	0	0	0	1	HIPdb	Cluster_913	S000499	C40_000026	train
SVSVGMKPSPRP	1	0	0	0	0	0	0	1	HIPdb	Cluster_3040	S000538	C40_000495	valid
TDVILMCFSIDSPDSLENI	0	1	0	0	0	0	0	1	HIPdb	Cluster_2133	S000557	C40_000293	test_hom40
